borough,house_class,period,home_price_index
Bronx,Condo,2003-01-31,100.0
Bronx,Condo,2003-02-28,45.8
Bronx,Condo,2003-03-31,43.9
Bronx,Condo,2003-04-30,53.4
Bronx,Condo,2003-05-31,42.6
Bronx,Condo,2003-06-30,53.2
Bronx,Condo,2003-07-31,62.8
Bronx,Condo,2003-08-31,45.1
Bronx,Condo,2003-10-31,57.1
Bronx,Condo,2003-12-31,43.9
Bronx,Condo,2004-01-31,43.1
Bronx,Condo,2004-02-29,100.0
Bronx,Condo,2004-03-31,62.2
Bronx,Condo,2004-04-30,100.0
Bronx,Condo,2004-05-31,48.1
Bronx,Condo,2004-06-30,60.2
Bronx,Condo,2004-07-31,50.5
Bronx,Condo,2004-08-31,47.9
Bronx,Condo,2004-09-30,50.1
Bronx,Condo,2004-10-31,47.6
Bronx,Condo,2004-11-30,100.0
Bronx,Condo,2004-12-31,52.7
Bronx,Condo,2005-01-31,59.9
Bronx,Condo,2005-02-28,53.9
Bronx,Condo,2005-03-31,63.1
Bronx,Condo,2005-04-30,41.9
Bronx,Condo,2005-05-31,61.0
Bronx,Condo,2005-06-30,54.3
Bronx,Condo,2005-07-31,59.6
Bronx,Condo,2005-08-31,65.2
Bronx,Condo,2005-09-30,52.4
Bronx,Condo,2005-10-31,55.1
Bronx,Condo,2005-11-30,100.0
Bronx,Condo,2005-12-31,100.0
Bronx,Condo,2006-02-28,94.4
Bronx,Condo,2006-03-31,57.8
Bronx,Condo,2006-04-30,49.8
Bronx,Condo,2006-05-31,50.3
Bronx,Condo,2006-06-30,68.0
Bronx,Condo,2006-07-31,60.3
Bronx,Condo,2006-08-31,60.2
Bronx,Condo,2006-09-30,84.8
Bronx,Condo,2006-10-31,76.9
Bronx,Condo,2006-11-30,56.9
Bronx,Condo,2006-12-31,57.9
Bronx,Condo,2007-01-31,71.5
Bronx,Condo,2007-02-28,61.3
Bronx,Condo,2007-03-31,67.8
Bronx,Condo,2007-04-30,65.4
Bronx,Condo,2007-05-31,69.0
Bronx,Condo,2007-06-30,61.8
Bronx,Condo,2007-07-31,59.8
Bronx,Condo,2007-08-31,64.1
Bronx,Condo,2007-09-30,62.0
Bronx,Condo,2007-10-31,67.9
Bronx,Condo,2007-11-30,57.0
Bronx,Condo,2007-12-31,60.4
Bronx,Condo,2008-01-31,52.0
Bronx,Condo,2008-02-29,73.1
Bronx,Condo,2008-03-31,66.6
Bronx,Condo,2008-04-30,54.4
Bronx,Condo,2008-05-31,57.7
Bronx,Condo,2008-06-30,54.1
Bronx,Condo,2008-07-31,57.9
Bronx,Condo,2008-08-31,51.2
Bronx,Condo,2008-09-30,64.8
Bronx,Condo,2008-10-31,72.3
Bronx,Condo,2008-11-30,68.1
Bronx,Condo,2008-12-31,56.8
Bronx,Condo,2009-01-31,59.3
Bronx,Condo,2009-02-28,58.1
Bronx,Condo,2009-03-31,55.5
Bronx,Condo,2009-04-30,53.0
Bronx,Condo,2009-05-31,63.1
Bronx,Condo,2009-06-30,58.4
Bronx,Condo,2009-07-31,60.3
Bronx,Condo,2009-08-31,80.5
Bronx,Condo,2009-09-30,74.7
Bronx,Condo,2009-10-31,61.0
Bronx,Condo,2009-11-30,71.4
Bronx,Condo,2009-12-31,57.7
Bronx,Condo,2010-01-31,68.2
Bronx,Condo,2010-02-28,59.8
Bronx,Condo,2010-03-31,79.9
Bronx,Condo,2010-04-30,60.5
Bronx,Condo,2010-06-30,67.9
Bronx,Condo,2010-07-31,141.0
Bronx,Condo,2010-08-31,63.6
Bronx,Condo,2010-09-30,42.4
Bronx,Condo,2010-11-30,51.2
Bronx,Condo,2010-12-31,57.0
Bronx,Condo,2011-01-31,63.7
Bronx,Condo,2011-02-28,62.1
Bronx,Condo,2011-03-31,100.0
Bronx,Condo,2011-04-30,51.4
Bronx,Condo,2011-05-31,47.1
Bronx,Condo,2011-06-30,59.7
Bronx,Condo,2011-07-31,40.7
Bronx,Condo,2011-08-31,59.8
Bronx,Condo,2011-09-30,53.9
Bronx,Condo,2011-10-31,62.3
Bronx,Condo,2011-11-30,56.7
Bronx,Condo,2011-12-31,51.3
Bronx,Condo,2012-02-29,53.8
Bronx,Condo,2012-03-31,49.2
Bronx,Condo,2012-04-30,62.0
Bronx,Condo,2012-05-31,50.1
Bronx,Condo,2012-06-30,57.8
Bronx,Condo,2012-07-31,60.3
Bronx,Condo,2012-08-31,77.1
Bronx,Condo,2012-09-30,100.0
Bronx,Condo,2012-10-31,64.3
Bronx,Condo,2012-11-30,49.2
Bronx,Condo,2012-12-31,61.8
Bronx,Condo,2013-01-31,72.5
Bronx,Condo,2013-02-28,64.0
Bronx,Condo,2013-03-31,54.2
Bronx,Condo,2013-04-30,84.2
Bronx,Condo,2013-05-31,51.5
Bronx,Condo,2013-06-30,54.4
Bronx,Condo,2013-07-31,62.7
Bronx,Condo,2013-08-31,47.1
Bronx,Condo,2013-09-30,56.3
Bronx,Condo,2013-10-31,60.6
Bronx,Condo,2013-11-30,100.0
Bronx,Condo,2013-12-31,53.4
Bronx,Condo,2014-01-31,63.4
Bronx,Condo,2014-02-28,52.0
Bronx,Condo,2014-03-31,58.1
Bronx,Condo,2014-04-30,88.4
Bronx,Condo,2014-05-31,66.8
Bronx,Condo,2014-06-30,61.4
Bronx,Condo,2014-07-31,54.4
Bronx,Condo,2014-08-31,60.0
Bronx,Condo,2014-09-30,59.3
Bronx,Condo,2014-10-31,100.0
Bronx,Condo,2014-11-30,63.9
Bronx,Condo,2014-12-31,63.6
Bronx,Condo,2015-01-31,64.1
Bronx,Condo,2015-02-28,63.2
Bronx,Condo,2015-03-31,60.8
Bronx,Condo,2015-04-30,100.0
Bronx,Condo,2015-05-31,63.5
Bronx,Condo,2015-06-30,58.6
Bronx,Condo,2015-07-31,65.0
Bronx,Condo,2015-08-31,64.6
Bronx,Condo,2015-09-30,64.5
Bronx,Condo,2015-10-31,90.5
Bronx,Condo,2015-11-30,60.3
Bronx,Condo,2015-12-31,52.6
Bronx,Condo,2016-01-31,84.3
Bronx,Condo,2016-02-29,56.1
Bronx,Condo,2016-03-31,60.3
Bronx,Condo,2016-04-30,77.8
Bronx,Condo,2016-05-31,66.3
Bronx,Condo,2016-06-30,59.8
Bronx,Condo,2016-07-31,56.7
Bronx,Condo,2016-08-31,46.9
Bronx,Condo,2016-09-30,54.6
Bronx,Condo,2016-10-31,67.6
Bronx,Condo,2016-11-30,53.4
Bronx,Condo,2016-12-31,56.4
Bronx,Condo,2017-01-31,60.1
Bronx,Condo,2017-02-28,60.6
Bronx,Condo,2017-03-31,80.4
Bronx,Condo,2017-04-30,100.0
Bronx,Condo,2017-05-31,61.4
Bronx,Condo,2017-06-30,67.2
Bronx,Condo,2017-07-31,66.3
Bronx,Condo,2017-08-31,74.9
Bronx,Condo,2017-09-30,56.7
Bronx,Condo,2017-10-31,59.2
Bronx,Condo,2017-11-30,61.7
Bronx,Condo,2017-12-31,63.4
Bronx,Condo,2018-01-31,57.8
Bronx,Condo,2018-02-28,69.8
Bronx,Condo,2018-03-31,66.1
Bronx,Condo,2018-04-30,64.7
Bronx,Condo,2018-05-31,58.8
Bronx,Condo,2018-06-30,60.4
Bronx,Condo,2018-07-31,67.2
Bronx,Condo,2018-08-31,70.9
Bronx,Condo,2018-09-30,57.8
Bronx,Condo,2018-10-31,65.8
Bronx,Condo,2018-11-30,100.0
Bronx,Condo,2018-12-31,54.3
Bronx,Condo,2019-01-31,70.5
Bronx,Condo,2019-02-28,81.8
Bronx,Condo,2019-03-31,44.5
Bronx,Condo,2019-04-30,100.0
Bronx,Condo,2019-05-31,75.4
Bronx,Condo,2019-06-30,77.1
Bronx,Condo,2019-07-31,66.6
Bronx,Condo,2019-08-31,69.5
Bronx,Condo,2019-09-30,80.0
Bronx,Condo,2019-10-31,76.3
Bronx,Condo,2019-11-30,53.2
Bronx,Condo,2019-12-31,57.1
Bronx,Condo,2020-01-31,67.7
Bronx,Condo,2020-02-29,52.9
Bronx,Condo,2020-03-31,63.6
Bronx,Condo,2020-04-30,76.1
Bronx,Condo,2020-05-31,82.1
Bronx,Condo,2020-06-30,64.3
Bronx,Condo,2020-07-31,73.5
Bronx,Condo,2020-08-31,62.5
Bronx,Condo,2020-09-30,71.6
Bronx,Condo,2020-10-31,66.7
Bronx,Condo,2020-11-30,74.0
Bronx,Condo,2020-12-31,74.3
Bronx,Condo,2021-01-31,69.9
Bronx,Condo,2021-02-28,70.8
Bronx,Condo,2021-03-31,75.7
Bronx,Condo,2021-04-30,68.8
Bronx,Condo,2021-05-31,64.0
Bronx,Condo,2021-06-30,54.5
Bronx,Condo,2021-07-31,70.5
Bronx,Condo,2021-08-31,66.6
Bronx,Condo,2021-09-30,84.6
Bronx,Condo,2021-10-31,74.4
Bronx,Condo,2021-11-30,77.7
Bronx,Condo,2021-12-31,71.7
Bronx,Condo,2022-01-31,73.3
Bronx,Condo,2022-02-28,92.7
Bronx,Condo,2022-03-31,78.8
Bronx,Condo,2022-04-30,70.3
Bronx,Condo,2022-05-31,76.5
Bronx,Condo,2022-06-30,83.2
Bronx,Condo,2022-07-31,59.9
Bronx,Condo,2022-08-31,67.0
Bronx,Condo,2022-09-30,70.8
Bronx,Condo,2022-10-31,62.8
Bronx,Condo,2022-11-30,75.2
Bronx,Condo,2022-12-31,89.6
Bronx,Condo,2023-01-31,101.4
Bronx,Condo,2023-02-28,53.2
Bronx,Condo,2023-03-31,70.6
Bronx,Condo,2023-04-30,52.7
Bronx,Condo,2023-05-31,64.8
Bronx,Condo,2023-06-30,70.3
Bronx,Condo,2023-07-31,64.7
Bronx,Condo,2023-08-31,59.1
Bronx,Condo,2023-09-30,80.4
Bronx,Condo,2023-10-31,22.7
Bronx,Condo,2023-11-30,70.4
Bronx,Condo,2023-12-31,74.0
Bronx,Condo,2024-01-31,86.5
Bronx,Condo,2024-02-29,69.0
Bronx,Condo,2024-03-31,87.5
Bronx,Condo,2024-04-30,72.2
Bronx,Condo,2024-05-31,67.3
Bronx,Condo,2024-06-30,54.4
Bronx,Condo,2024-07-31,71.3
Bronx,Condo,2024-08-31,65.4
Bronx,Condo,2024-09-30,64.7
Bronx,Condo,2024-10-31,60.5
Bronx,Condo,2024-11-30,78.4
Bronx,Condo,2024-12-31,100.0
Bronx,Condo,2025-01-31,82.6
Bronx,Condo,2025-02-28,100.0
Bronx,Condo,2025-03-31,68.2
Bronx,Condo,2025-04-30,66.3
Bronx,Condo,2025-05-31,81.0
Bronx,Condo,2025-06-30,100.0
Bronx,Condo,2025-07-31,68.1
Bronx,Condo,2025-08-31,64.8
Bronx,Condo,2025-09-30,79.0
Bronx,Condo,2025-10-31,80.9
Bronx,Condo,2025-11-30,100.0
Bronx,Condo,2025-12-31,67.8
Bronx,Condo,2026-01-31,90.7
Bronx,Condo,2026-02-28,77.6
Bronx,Condo,2026-03-31,81.6
Bronx,Condo,2026-04-30,72.4
Bronx,Condo,2026-05-31,86.5
Bronx,Condo,2026-06-30,68.4
Bronx,Condo,2026-07-31,61.5
Bronx,Coop,2003-06-30,100.0
Bronx,Coop,2003-08-31,211.5
Bronx,Coop,2004-05-31,179.3
Bronx,Coop,2004-08-31,179.3
Bronx,Coop,2004-09-30,179.3
Bronx,Coop,2004-10-31,147.1
Bronx,Coop,2005-01-31,161.6
Bronx,Coop,2005-08-31,179.3
Bronx,Coop,2005-09-30,124.3
Bronx,Coop,2005-10-31,179.3
Bronx,Coop,2005-11-30,179.3
Bronx,Coop,2005-12-31,179.3
Bronx,Coop,2006-08-31,189.6
Bronx,Coop,2006-09-30,179.3
Bronx,Coop,2006-11-30,179.3
Bronx,Coop,2007-01-31,179.3
Bronx,Coop,2007-02-28,179.3
Bronx,Coop,2007-05-31,143.5
Bronx,Coop,2007-07-31,179.3
Bronx,Coop,2007-08-31,179.3
Bronx,Coop,2007-09-30,179.3
Bronx,Coop,2007-10-31,179.3
Bronx,Coop,2007-12-31,200.6
Bronx,Coop,2008-01-31,212.3
Bronx,Coop,2008-05-31,113.0
Bronx,Coop,2008-07-31,232.1
Bronx,Coop,2008-08-31,166.7
Bronx,Coop,2008-10-31,179.3
Bronx,Coop,2008-12-31,156.9
Bronx,Coop,2009-08-31,179.3
Bronx,Coop,2009-10-31,179.3
Bronx,Coop,2010-01-31,168.7
Bronx,Coop,2010-02-28,179.3
Bronx,Coop,2011-08-31,179.3
Bronx,Coop,2011-12-31,144.5
Bronx,Coop,2012-01-31,229.6
Bronx,Coop,2012-06-30,243.9
Bronx,Coop,2012-08-31,110.6
Bronx,Coop,2012-09-30,216.0
Bronx,Coop,2012-10-31,216.0
Bronx,Coop,2012-11-30,229.6
Bronx,Coop,2012-12-31,216.0
Bronx,Coop,2013-01-31,216.0
Bronx,Coop,2013-02-28,216.0
Bronx,Coop,2013-03-31,216.0
Bronx,Coop,2013-04-30,216.0
Bronx,Coop,2013-05-31,216.0
Bronx,Coop,2013-10-31,229.6
Bronx,Coop,2013-11-30,216.0
Bronx,Coop,2014-04-30,145.1
Bronx,Coop,2014-09-30,179.3
Bronx,Coop,2014-11-30,151.7
Bronx,Coop,2014-12-31,202.7
Bronx,Coop,2015-01-31,179.3
Bronx,Coop,2015-02-28,179.3
Bronx,Coop,2015-03-31,131.5
Bronx,Coop,2015-05-31,148.3
Bronx,Coop,2015-07-31,184.0
Bronx,Coop,2015-09-30,179.3
Bronx,Coop,2015-12-31,179.3
Bronx,Coop,2016-02-29,179.3
Bronx,Coop,2016-05-31,179.3
Bronx,Coop,2016-07-31,155.4
Bronx,Coop,2016-09-30,261.1
Bronx,Coop,2016-11-30,142.6
Bronx,Coop,2017-04-30,137.0
Bronx,Coop,2017-05-31,179.3
Bronx,Coop,2017-06-30,179.3
Bronx,Coop,2017-09-30,228.5
Bronx,Coop,2017-10-31,179.3
Bronx,Coop,2018-03-31,173.2
Bronx,Coop,2018-05-31,179.3
Bronx,Coop,2018-08-31,179.3
Bronx,Coop,2018-09-30,179.3
Bronx,Coop,2018-10-31,179.3
Bronx,Coop,2018-12-31,179.3
Bronx,Coop,2019-01-31,179.3
Bronx,Coop,2019-02-28,179.3
Bronx,Coop,2019-03-31,179.3
Bronx,Coop,2019-05-31,179.3
Bronx,Coop,2019-06-30,179.3
Bronx,Coop,2019-10-31,179.3
Bronx,Coop,2020-02-29,179.3
Bronx,Coop,2020-03-31,179.3
Bronx,Coop,2020-04-30,179.3
Bronx,Coop,2020-09-30,166.2
Bronx,Coop,2021-01-31,141.2
Bronx,Coop,2021-02-28,179.3
Bronx,Coop,2021-04-30,259.9
Bronx,Coop,2021-05-31,179.3
Bronx,Coop,2021-06-30,179.3
Bronx,Coop,2021-07-31,170.3
Bronx,Coop,2021-08-31,148.2
Bronx,Coop,2021-09-30,150.6
Bronx,Coop,2021-11-30,179.3
Bronx,Coop,2021-12-31,151.6
Bronx,Coop,2022-01-31,179.3
Bronx,Coop,2022-04-30,179.3
Bronx,Coop,2022-05-31,179.3
Bronx,Coop,2022-06-30,179.3
Bronx,Coop,2022-07-31,179.3
Bronx,Coop,2022-08-31,141.2
Bronx,Coop,2022-09-30,179.3
Bronx,Coop,2022-10-31,179.3
Bronx,Coop,2022-11-30,179.3
Bronx,Coop,2023-01-31,179.3
Bronx,Coop,2023-02-28,179.3
Bronx,Coop,2023-04-30,179.3
Bronx,Coop,2023-05-31,179.3
Bronx,Coop,2023-06-30,179.3
Bronx,Coop,2023-08-31,179.3
Bronx,Coop,2023-10-31,179.3
Bronx,Coop,2023-11-30,179.3
Bronx,Coop,2024-02-29,179.3
Bronx,Coop,2024-04-30,179.3
Bronx,Coop,2024-07-31,178.5
Bronx,Coop,2024-08-31,179.3
Bronx,Coop,2024-09-30,179.3
Bronx,Coop,2024-10-31,179.3
Bronx,Coop,2024-12-31,179.3
Bronx,Coop,2025-01-31,179.3
Bronx,Coop,2025-03-31,179.3
Bronx,Coop,2025-06-30,179.3
Bronx,Coop,2025-09-30,179.3
Bronx,Coop,2025-10-31,179.3
Bronx,Coop,2025-11-30,179.3
Bronx,Coop,2026-01-31,179.3
Bronx,Coop,2026-02-28,194.0
Bronx,Coop,2026-03-31,179.3
Bronx,Coop,2026-04-30,179.3
Bronx,Coop,2026-05-31,179.3
Bronx,Coop,2026-06-30,179.3
Bronx,SFH,2003-01-31,100.0
Bronx,SFH,2003-02-28,94.4
Bronx,SFH,2003-03-31,105.1
Bronx,SFH,2003-04-30,102.6
Bronx,SFH,2003-05-31,100.5
Bronx,SFH,2003-06-30,99.8
Bronx,SFH,2003-07-31,105.8
Bronx,SFH,2003-08-31,107.2
Bronx,SFH,2003-09-30,106.8
Bronx,SFH,2003-10-31,104.9
Bronx,SFH,2003-11-30,107.2
Bronx,SFH,2003-12-31,106.7
Bronx,SFH,2004-01-31,104.6
Bronx,SFH,2004-02-29,114.9
Bronx,SFH,2004-03-31,106.9
Bronx,SFH,2004-04-30,104.2
Bronx,SFH,2004-05-31,117.9
Bronx,SFH,2004-06-30,119.0
Bronx,SFH,2004-07-31,117.0
Bronx,SFH,2004-08-31,115.5
Bronx,SFH,2004-09-30,115.6
Bronx,SFH,2004-10-31,116.4
Bronx,SFH,2004-11-30,115.7
Bronx,SFH,2004-12-31,122.0
Bronx,SFH,2005-01-31,127.5
Bronx,SFH,2005-02-28,115.0
Bronx,SFH,2005-03-31,120.8
Bronx,SFH,2005-04-30,129.3
Bronx,SFH,2005-05-31,125.2
Bronx,SFH,2005-06-30,122.9
Bronx,SFH,2005-07-31,128.9
Bronx,SFH,2005-08-31,137.9
Bronx,SFH,2005-09-30,137.1
Bronx,SFH,2005-10-31,138.6
Bronx,SFH,2005-11-30,135.5
Bronx,SFH,2005-12-31,145.1
Bronx,SFH,2006-01-31,130.3
Bronx,SFH,2006-02-28,147.2
Bronx,SFH,2006-03-31,140.6
Bronx,SFH,2006-04-30,137.0
Bronx,SFH,2006-05-31,144.0
Bronx,SFH,2006-06-30,150.0
Bronx,SFH,2006-07-31,144.1
Bronx,SFH,2006-08-31,149.5
Bronx,SFH,2006-09-30,142.2
Bronx,SFH,2006-10-31,146.6
Bronx,SFH,2006-11-30,150.9
Bronx,SFH,2006-12-31,143.1
Bronx,SFH,2007-01-31,153.1
Bronx,SFH,2007-02-28,157.5
Bronx,SFH,2007-03-31,158.1
Bronx,SFH,2007-04-30,153.7
Bronx,SFH,2007-05-31,150.3
Bronx,SFH,2007-06-30,141.5
Bronx,SFH,2007-07-31,150.9
Bronx,SFH,2007-08-31,150.3
Bronx,SFH,2007-09-30,160.5
Bronx,SFH,2007-10-31,150.1
Bronx,SFH,2007-11-30,143.0
Bronx,SFH,2007-12-31,145.3
Bronx,SFH,2008-01-31,151.8
Bronx,SFH,2008-02-29,140.8
Bronx,SFH,2008-03-31,129.2
Bronx,SFH,2008-04-30,137.1
Bronx,SFH,2008-05-31,132.5
Bronx,SFH,2008-06-30,139.6
Bronx,SFH,2008-07-31,151.0
Bronx,SFH,2008-08-31,136.3
Bronx,SFH,2008-09-30,137.4
Bronx,SFH,2008-10-31,144.4
Bronx,SFH,2008-11-30,127.8
Bronx,SFH,2008-12-31,132.7
Bronx,SFH,2009-01-31,125.4
Bronx,SFH,2009-02-28,137.3
Bronx,SFH,2009-03-31,159.4
Bronx,SFH,2009-04-30,132.9
Bronx,SFH,2009-05-31,130.3
Bronx,SFH,2009-06-30,136.5
Bronx,SFH,2009-07-31,128.1
Bronx,SFH,2009-08-31,132.4
Bronx,SFH,2009-09-30,124.7
Bronx,SFH,2009-10-31,131.5
Bronx,SFH,2009-11-30,130.7
Bronx,SFH,2009-12-31,122.8
Bronx,SFH,2010-01-31,137.2
Bronx,SFH,2010-02-28,142.8
Bronx,SFH,2010-03-31,112.8
Bronx,SFH,2010-04-30,136.1
Bronx,SFH,2010-05-31,136.6
Bronx,SFH,2010-06-30,131.2
Bronx,SFH,2010-07-31,137.0
Bronx,SFH,2010-08-31,124.7
Bronx,SFH,2010-09-30,132.2
Bronx,SFH,2010-10-31,113.3
Bronx,SFH,2010-11-30,131.5
Bronx,SFH,2010-12-31,133.3
Bronx,SFH,2011-01-31,127.0
Bronx,SFH,2011-02-28,132.6
Bronx,SFH,2011-03-31,122.5
Bronx,SFH,2011-04-30,117.5
Bronx,SFH,2011-05-31,128.3
Bronx,SFH,2011-06-30,126.9
Bronx,SFH,2011-07-31,118.3
Bronx,SFH,2011-08-31,127.9
Bronx,SFH,2011-09-30,122.7
Bronx,SFH,2011-10-31,130.7
Bronx,SFH,2011-11-30,116.9
Bronx,SFH,2011-12-31,120.4
Bronx,SFH,2012-01-31,123.4
Bronx,SFH,2012-02-29,118.3
Bronx,SFH,2012-03-31,129.4
Bronx,SFH,2012-04-30,128.2
Bronx,SFH,2012-05-31,127.4
Bronx,SFH,2012-06-30,119.4
Bronx,SFH,2012-07-31,110.9
Bronx,SFH,2012-08-31,116.5
Bronx,SFH,2012-09-30,125.5
Bronx,SFH,2012-10-31,126.7
Bronx,SFH,2012-11-30,129.5
Bronx,SFH,2012-12-31,128.7
Bronx,SFH,2013-01-31,133.6
Bronx,SFH,2013-02-28,110.1
Bronx,SFH,2013-03-31,121.3
Bronx,SFH,2013-04-30,119.7
Bronx,SFH,2013-05-31,132.9
Bronx,SFH,2013-06-30,129.8
Bronx,SFH,2013-07-31,131.1
Bronx,SFH,2013-08-31,126.7
Bronx,SFH,2013-09-30,122.4
Bronx,SFH,2013-10-31,123.7
Bronx,SFH,2013-11-30,129.2
Bronx,SFH,2013-12-31,116.0
Bronx,SFH,2014-01-31,119.1
Bronx,SFH,2014-02-28,121.3
Bronx,SFH,2014-03-31,127.3
Bronx,SFH,2014-04-30,126.0
Bronx,SFH,2014-05-31,131.0
Bronx,SFH,2014-06-30,128.0
Bronx,SFH,2014-07-31,137.0
Bronx,SFH,2014-08-31,125.9
Bronx,SFH,2014-09-30,127.0
Bronx,SFH,2014-10-31,138.2
Bronx,SFH,2014-11-30,131.5
Bronx,SFH,2014-12-31,127.6
Bronx,SFH,2015-01-31,134.3
Bronx,SFH,2015-02-28,133.2
Bronx,SFH,2015-03-31,131.6
Bronx,SFH,2015-04-30,132.2
Bronx,SFH,2015-05-31,128.5
Bronx,SFH,2015-06-30,135.7
Bronx,SFH,2015-07-31,136.6
Bronx,SFH,2015-08-31,135.0
Bronx,SFH,2015-09-30,133.9
Bronx,SFH,2015-10-31,139.2
Bronx,SFH,2015-11-30,141.9
Bronx,SFH,2015-12-31,136.7
Bronx,SFH,2016-01-31,141.7
Bronx,SFH,2016-02-29,141.2
Bronx,SFH,2016-03-31,139.5
Bronx,SFH,2016-04-30,153.7
Bronx,SFH,2016-05-31,148.0
Bronx,SFH,2016-06-30,148.0
Bronx,SFH,2016-07-31,135.8
Bronx,SFH,2016-08-31,156.9
Bronx,SFH,2016-09-30,142.8
Bronx,SFH,2016-10-31,141.0
Bronx,SFH,2016-11-30,141.4
Bronx,SFH,2016-12-31,149.6
Bronx,SFH,2017-01-31,144.7
Bronx,SFH,2017-02-28,155.2
Bronx,SFH,2017-03-31,141.0
Bronx,SFH,2017-04-30,138.4
Bronx,SFH,2017-05-31,146.7
Bronx,SFH,2017-06-30,159.7
Bronx,SFH,2017-07-31,146.7
Bronx,SFH,2017-08-31,145.8
Bronx,SFH,2017-09-30,155.0
Bronx,SFH,2017-10-31,151.4
Bronx,SFH,2017-11-30,151.7
Bronx,SFH,2017-12-31,154.7
Bronx,SFH,2018-01-31,155.6
Bronx,SFH,2018-02-28,166.3
Bronx,SFH,2018-03-31,150.5
Bronx,SFH,2018-04-30,164.0
Bronx,SFH,2018-05-31,157.1
Bronx,SFH,2018-06-30,152.0
Bronx,SFH,2018-07-31,161.0
Bronx,SFH,2018-08-31,161.1
Bronx,SFH,2018-09-30,170.9
Bronx,SFH,2018-10-31,165.6
Bronx,SFH,2018-11-30,155.1
Bronx,SFH,2018-12-31,163.8
Bronx,SFH,2019-01-31,171.6
Bronx,SFH,2019-02-28,164.2
Bronx,SFH,2019-03-31,167.1
Bronx,SFH,2019-04-30,167.8
Bronx,SFH,2019-05-31,158.2
Bronx,SFH,2019-06-30,173.5
Bronx,SFH,2019-07-31,176.9
Bronx,SFH,2019-08-31,173.5
Bronx,SFH,2019-09-30,174.2
Bronx,SFH,2019-10-31,175.7
Bronx,SFH,2019-11-30,172.9
Bronx,SFH,2019-12-31,169.8
Bronx,SFH,2020-01-31,174.9
Bronx,SFH,2020-02-29,167.6
Bronx,SFH,2020-03-31,174.0
Bronx,SFH,2020-04-30,179.0
Bronx,SFH,2020-05-31,195.3
Bronx,SFH,2020-06-30,187.6
Bronx,SFH,2020-07-31,177.7
Bronx,SFH,2020-08-31,172.2
Bronx,SFH,2020-09-30,191.0
Bronx,SFH,2020-10-31,198.3
Bronx,SFH,2020-11-30,182.8
Bronx,SFH,2020-12-31,198.2
Bronx,SFH,2021-01-31,195.0
Bronx,SFH,2021-02-28,193.6
Bronx,SFH,2021-03-31,184.4
Bronx,SFH,2021-04-30,191.5
Bronx,SFH,2021-05-31,197.0
Bronx,SFH,2021-06-30,207.4
Bronx,SFH,2021-07-31,211.2
Bronx,SFH,2021-08-31,200.7
Bronx,SFH,2021-09-30,210.8
Bronx,SFH,2021-10-31,192.0
Bronx,SFH,2021-11-30,208.5
Bronx,SFH,2021-12-31,198.7
Bronx,SFH,2022-01-31,231.2
Bronx,SFH,2022-02-28,216.2
Bronx,SFH,2022-03-31,209.8
Bronx,SFH,2022-04-30,201.5
Bronx,SFH,2022-05-31,223.5
Bronx,SFH,2022-06-30,222.7
Bronx,SFH,2022-07-31,207.7
Bronx,SFH,2022-08-31,209.2
Bronx,SFH,2022-09-30,223.5
Bronx,SFH,2022-10-31,217.7
Bronx,SFH,2022-11-30,223.1
Bronx,SFH,2022-12-31,202.7
Bronx,SFH,2023-01-31,209.8
Bronx,SFH,2023-02-28,197.2
Bronx,SFH,2023-03-31,204.9
Bronx,SFH,2023-04-30,216.9
Bronx,SFH,2023-05-31,225.6
Bronx,SFH,2023-06-30,217.1
Bronx,SFH,2023-07-31,245.2
Bronx,SFH,2023-08-31,212.9
Bronx,SFH,2023-09-30,212.9
Bronx,SFH,2023-10-31,227.7
Bronx,SFH,2023-11-30,228.9
Bronx,SFH,2023-12-31,198.6
Bronx,SFH,2024-01-31,242.0
Bronx,SFH,2024-02-29,202.2
Bronx,SFH,2024-03-31,210.3
Bronx,SFH,2024-04-30,207.8
Bronx,SFH,2024-05-31,202.8
Bronx,SFH,2024-06-30,224.2
Bronx,SFH,2024-07-31,241.6
Bronx,SFH,2024-08-31,221.9
Bronx,SFH,2024-09-30,228.2
Bronx,SFH,2024-10-31,216.0
Bronx,SFH,2024-11-30,213.6
Bronx,SFH,2024-12-31,240.9
Bronx,SFH,2025-01-31,216.3
Bronx,SFH,2025-02-28,205.1
Bronx,SFH,2025-03-31,206.4
Bronx,SFH,2025-04-30,236.7
Bronx,SFH,2025-05-31,221.0
Bronx,SFH,2025-06-30,252.8
Bronx,SFH,2025-07-31,240.4
Bronx,SFH,2025-08-31,223.8
Bronx,SFH,2025-09-30,298.0
Bronx,SFH,2025-10-31,234.6
Bronx,SFH,2025-11-30,245.5
Bronx,SFH,2025-12-31,283.1
Bronx,SFH,2026-01-31,230.7
Bronx,SFH,2026-02-28,251.3
Bronx,SFH,2026-03-31,305.4
Bronx,SFH,2026-04-30,255.8
Bronx,SFH,2026-05-31,220.5
Bronx,SFH,2026-06-30,251.1
Bronx,SFH,2026-07-31,212.5
Brooklyn,Condo,2003-01-31,100.0
Brooklyn,Condo,2003-02-28,97.7
Brooklyn,Condo,2003-03-31,99.3
Brooklyn,Condo,2003-04-30,102.2
Brooklyn,Condo,2003-05-31,97.1
Brooklyn,Condo,2003-06-30,104.4
Brooklyn,Condo,2003-07-31,108.5
Brooklyn,Condo,2003-08-31,100.4
Brooklyn,Condo,2003-09-30,102.4
Brooklyn,Condo,2003-10-31,114.8
Brooklyn,Condo,2003-11-30,106.1
Brooklyn,Condo,2003-12-31,104.0
Brooklyn,Condo,2004-01-31,112.3
Brooklyn,Condo,2004-02-29,117.9
Brooklyn,Condo,2004-03-31,118.5
Brooklyn,Condo,2004-04-30,112.3
Brooklyn,Condo,2004-05-31,105.7
Brooklyn,Condo,2004-06-30,119.6
Brooklyn,Condo,2004-07-31,116.8
Brooklyn,Condo,2004-08-31,129.2
Brooklyn,Condo,2004-09-30,126.4
Brooklyn,Condo,2004-10-31,127.4
Brooklyn,Condo,2004-11-30,124.7
Brooklyn,Condo,2004-12-31,123.0
Brooklyn,Condo,2005-01-31,128.9
Brooklyn,Condo,2005-02-28,124.3
Brooklyn,Condo,2005-03-31,132.0
Brooklyn,Condo,2005-04-30,132.0
Brooklyn,Condo,2005-05-31,135.2
Brooklyn,Condo,2005-06-30,133.5
Brooklyn,Condo,2005-07-31,138.1
Brooklyn,Condo,2005-08-31,145.5
Brooklyn,Condo,2005-09-30,146.5
Brooklyn,Condo,2005-10-31,145.2
Brooklyn,Condo,2005-11-30,142.4
Brooklyn,Condo,2005-12-31,149.1
Brooklyn,Condo,2006-01-31,145.3
Brooklyn,Condo,2006-02-28,138.2
Brooklyn,Condo,2006-03-31,144.4
Brooklyn,Condo,2006-04-30,152.4
Brooklyn,Condo,2006-05-31,152.2
Brooklyn,Condo,2006-06-30,152.6
Brooklyn,Condo,2006-07-31,153.8
Brooklyn,Condo,2006-08-31,152.3
Brooklyn,Condo,2006-09-30,157.5
Brooklyn,Condo,2006-10-31,154.8
Brooklyn,Condo,2006-11-30,160.5
Brooklyn,Condo,2006-12-31,153.6
Brooklyn,Condo,2007-01-31,154.5
Brooklyn,Condo,2007-02-28,149.8
Brooklyn,Condo,2007-03-31,154.0
Brooklyn,Condo,2007-04-30,154.4
Brooklyn,Condo,2007-05-31,158.1
Brooklyn,Condo,2007-06-30,147.7
Brooklyn,Condo,2007-07-31,148.9
Brooklyn,Condo,2007-08-31,160.9
Brooklyn,Condo,2007-09-30,160.0
Brooklyn,Condo,2007-10-31,155.9
Brooklyn,Condo,2007-11-30,160.8
Brooklyn,Condo,2007-12-31,162.8
Brooklyn,Condo,2008-01-31,163.7
Brooklyn,Condo,2008-02-29,157.9
Brooklyn,Condo,2008-03-31,156.0
Brooklyn,Condo,2008-04-30,158.6
Brooklyn,Condo,2008-05-31,164.1
Brooklyn,Condo,2008-06-30,164.5
Brooklyn,Condo,2008-07-31,161.3
Brooklyn,Condo,2008-08-31,158.4
Brooklyn,Condo,2008-09-30,159.2
Brooklyn,Condo,2008-10-31,160.6
Brooklyn,Condo,2008-11-30,156.7
Brooklyn,Condo,2008-12-31,150.1
Brooklyn,Condo,2009-01-31,146.4
Brooklyn,Condo,2009-02-28,157.3
Brooklyn,Condo,2009-03-31,150.3
Brooklyn,Condo,2009-04-30,145.0
Brooklyn,Condo,2009-05-31,150.6
Brooklyn,Condo,2009-06-30,144.7
Brooklyn,Condo,2009-07-31,145.9
Brooklyn,Condo,2009-08-31,145.4
Brooklyn,Condo,2009-09-30,138.1
Brooklyn,Condo,2009-10-31,146.3
Brooklyn,Condo,2009-11-30,141.8
Brooklyn,Condo,2009-12-31,143.4
Brooklyn,Condo,2010-01-31,145.5
Brooklyn,Condo,2010-02-28,143.1
Brooklyn,Condo,2010-03-31,138.7
Brooklyn,Condo,2010-04-30,145.9
Brooklyn,Condo,2010-05-31,145.0
Brooklyn,Condo,2010-06-30,143.0
Brooklyn,Condo,2010-07-31,146.9
Brooklyn,Condo,2010-08-31,147.5
Brooklyn,Condo,2010-09-30,137.1
Brooklyn,Condo,2010-10-31,139.3
Brooklyn,Condo,2010-11-30,142.1
Brooklyn,Condo,2010-12-31,142.2
Brooklyn,Condo,2011-01-31,136.9
Brooklyn,Condo,2011-02-28,142.6
Brooklyn,Condo,2011-03-31,144.8
Brooklyn,Condo,2011-04-30,139.4
Brooklyn,Condo,2011-05-31,144.2
Brooklyn,Condo,2011-06-30,146.6
Brooklyn,Condo,2011-07-31,144.1
Brooklyn,Condo,2011-08-31,151.5
Brooklyn,Condo,2011-09-30,149.1
Brooklyn,Condo,2011-10-31,145.3
Brooklyn,Condo,2011-11-30,149.0
Brooklyn,Condo,2011-12-31,151.5
Brooklyn,Condo,2012-01-31,152.8
Brooklyn,Condo,2012-02-29,154.8
Brooklyn,Condo,2012-03-31,154.3
Brooklyn,Condo,2012-04-30,152.8
Brooklyn,Condo,2012-05-31,154.7
Brooklyn,Condo,2012-06-30,153.1
Brooklyn,Condo,2012-07-31,158.6
Brooklyn,Condo,2012-08-31,160.1
Brooklyn,Condo,2012-09-30,161.0
Brooklyn,Condo,2012-10-31,170.2
Brooklyn,Condo,2012-11-30,162.6
Brooklyn,Condo,2012-12-31,168.5
Brooklyn,Condo,2013-01-31,172.7
Brooklyn,Condo,2013-02-28,173.0
Brooklyn,Condo,2013-03-31,177.1
Brooklyn,Condo,2013-04-30,184.8
Brooklyn,Condo,2013-05-31,188.9
Brooklyn,Condo,2013-06-30,186.8
Brooklyn,Condo,2013-07-31,190.7
Brooklyn,Condo,2013-08-31,191.1
Brooklyn,Condo,2013-09-30,199.5
Brooklyn,Condo,2013-10-31,199.3
Brooklyn,Condo,2013-11-30,201.2
Brooklyn,Condo,2013-12-31,199.1
Brooklyn,Condo,2014-01-31,198.0
Brooklyn,Condo,2014-02-28,195.5
Brooklyn,Condo,2014-03-31,200.3
Brooklyn,Condo,2014-04-30,212.4
Brooklyn,Condo,2014-05-31,203.9
Brooklyn,Condo,2014-06-30,210.9
Brooklyn,Condo,2014-07-31,205.8
Brooklyn,Condo,2014-08-31,217.1
Brooklyn,Condo,2014-09-30,217.2
Brooklyn,Condo,2014-10-31,212.1
Brooklyn,Condo,2014-11-30,221.6
Brooklyn,Condo,2014-12-31,216.8
Brooklyn,Condo,2015-01-31,226.8
Brooklyn,Condo,2015-02-28,220.3
Brooklyn,Condo,2015-03-31,225.1
Brooklyn,Condo,2015-04-30,222.0
Brooklyn,Condo,2015-05-31,232.7
Brooklyn,Condo,2015-06-30,233.5
Brooklyn,Condo,2015-07-31,235.8
Brooklyn,Condo,2015-08-31,241.1
Brooklyn,Condo,2015-09-30,234.9
Brooklyn,Condo,2015-10-31,228.2
Brooklyn,Condo,2015-11-30,212.0
Brooklyn,Condo,2015-12-31,233.1
Brooklyn,Condo,2016-01-31,225.7
Brooklyn,Condo,2016-02-29,241.0
Brooklyn,Condo,2016-03-31,222.2
Brooklyn,Condo,2016-04-30,239.6
Brooklyn,Condo,2016-05-31,244.5
Brooklyn,Condo,2016-06-30,236.6
Brooklyn,Condo,2016-07-31,235.4
Brooklyn,Condo,2016-08-31,241.8
Brooklyn,Condo,2016-09-30,236.8
Brooklyn,Condo,2016-10-31,245.0
Brooklyn,Condo,2016-11-30,243.2
Brooklyn,Condo,2016-12-31,250.0
Brooklyn,Condo,2017-01-31,245.3
Brooklyn,Condo,2017-02-28,242.1
Brooklyn,Condo,2017-03-31,242.1
Brooklyn,Condo,2017-04-30,245.1
Brooklyn,Condo,2017-05-31,249.1
Brooklyn,Condo,2017-06-30,247.9
Brooklyn,Condo,2017-07-31,251.6
Brooklyn,Condo,2017-08-31,247.0
Brooklyn,Condo,2017-09-30,244.7
Brooklyn,Condo,2017-10-31,246.7
Brooklyn,Condo,2017-11-30,241.9
Brooklyn,Condo,2017-12-31,253.3
Brooklyn,Condo,2018-01-31,250.5
Brooklyn,Condo,2018-02-28,251.2
Brooklyn,Condo,2018-03-31,242.1
Brooklyn,Condo,2018-04-30,252.8
Brooklyn,Condo,2018-05-31,248.1
Brooklyn,Condo,2018-06-30,258.6
Brooklyn,Condo,2018-07-31,246.0
Brooklyn,Condo,2018-08-31,256.6
Brooklyn,Condo,2018-09-30,254.3
Brooklyn,Condo,2018-10-31,252.0
Brooklyn,Condo,2018-11-30,263.8
Brooklyn,Condo,2018-12-31,246.4
Brooklyn,Condo,2019-01-31,258.1
Brooklyn,Condo,2019-02-28,250.6
Brooklyn,Condo,2019-03-31,253.9
Brooklyn,Condo,2019-04-30,249.8
Brooklyn,Condo,2019-05-31,249.3
Brooklyn,Condo,2019-06-30,254.8
Brooklyn,Condo,2019-07-31,261.1
Brooklyn,Condo,2019-08-31,255.3
Brooklyn,Condo,2019-09-30,261.0
Brooklyn,Condo,2019-10-31,248.2
Brooklyn,Condo,2019-11-30,257.0
Brooklyn,Condo,2019-12-31,243.0
Brooklyn,Condo,2020-01-31,243.7
Brooklyn,Condo,2020-02-29,244.1
Brooklyn,Condo,2020-03-31,239.4
Brooklyn,Condo,2020-04-30,255.1
Brooklyn,Condo,2020-05-31,261.6
Brooklyn,Condo,2020-06-30,249.5
Brooklyn,Condo,2020-07-31,243.0
Brooklyn,Condo,2020-08-31,243.2
Brooklyn,Condo,2020-09-30,261.0
Brooklyn,Condo,2020-10-31,255.3
Brooklyn,Condo,2020-11-30,247.1
Brooklyn,Condo,2020-12-31,239.7
Brooklyn,Condo,2021-01-31,251.0
Brooklyn,Condo,2021-02-28,262.0
Brooklyn,Condo,2021-03-31,254.8
Brooklyn,Condo,2021-04-30,260.3
Brooklyn,Condo,2021-05-31,254.1
Brooklyn,Condo,2021-06-30,254.8
Brooklyn,Condo,2021-07-31,262.8
Brooklyn,Condo,2021-08-31,267.8
Brooklyn,Condo,2021-09-30,278.3
Brooklyn,Condo,2021-10-31,267.7
Brooklyn,Condo,2021-11-30,261.9
Brooklyn,Condo,2021-12-31,269.7
Brooklyn,Condo,2022-01-31,270.9
Brooklyn,Condo,2022-02-28,268.8
Brooklyn,Condo,2022-03-31,268.2
Brooklyn,Condo,2022-04-30,274.7
Brooklyn,Condo,2022-05-31,277.1
Brooklyn,Condo,2022-06-30,280.4
Brooklyn,Condo,2022-07-31,287.0
Brooklyn,Condo,2022-08-31,275.7
Brooklyn,Condo,2022-09-30,280.4
Brooklyn,Condo,2022-10-31,276.5
Brooklyn,Condo,2022-11-30,281.6
Brooklyn,Condo,2022-12-31,269.6
Brooklyn,Condo,2023-01-31,284.3
Brooklyn,Condo,2023-02-28,244.5
Brooklyn,Condo,2023-03-31,268.6
Brooklyn,Condo,2023-04-30,262.8
Brooklyn,Condo,2023-05-31,284.6
Brooklyn,Condo,2023-06-30,279.1
Brooklyn,Condo,2023-07-31,282.8
Brooklyn,Condo,2023-08-31,273.2
Brooklyn,Condo,2023-09-30,288.9
Brooklyn,Condo,2023-10-31,272.4
Brooklyn,Condo,2023-11-30,274.6
Brooklyn,Condo,2023-12-31,276.9
Brooklyn,Condo,2024-01-31,282.8
Brooklyn,Condo,2024-02-29,288.2
Brooklyn,Condo,2024-03-31,274.9
Brooklyn,Condo,2024-04-30,291.3
Brooklyn,Condo,2024-05-31,278.9
Brooklyn,Condo,2024-06-30,278.7
Brooklyn,Condo,2024-07-31,284.9
Brooklyn,Condo,2024-08-31,293.2
Brooklyn,Condo,2024-09-30,291.8
Brooklyn,Condo,2024-10-31,276.2
Brooklyn,Condo,2024-11-30,288.0
Brooklyn,Condo,2024-12-31,280.2
Brooklyn,Condo,2025-01-31,277.9
Brooklyn,Condo,2025-02-28,255.9
Brooklyn,Condo,2025-03-31,279.6
Brooklyn,Condo,2025-04-30,293.4
Brooklyn,Condo,2025-05-31,294.4
Brooklyn,Condo,2025-06-30,287.9
Brooklyn,Condo,2025-07-31,287.1
Brooklyn,Condo,2025-08-31,285.6
Brooklyn,Condo,2025-09-30,293.4
Brooklyn,Condo,2025-10-31,280.6
Brooklyn,Condo,2025-11-30,284.1
Brooklyn,Condo,2025-12-31,298.0
Brooklyn,Condo,2026-01-31,285.0
Brooklyn,Condo,2026-02-28,278.6
Brooklyn,Condo,2026-03-31,292.1
Brooklyn,Condo,2026-04-30,293.5
Brooklyn,Condo,2026-05-31,292.3
Brooklyn,Condo,2026-06-30,295.3
Brooklyn,Condo,2026-07-31,288.3
Brooklyn,Coop,2003-01-31,100.0
Brooklyn,Coop,2003-02-28,110.6
Brooklyn,Coop,2003-03-31,109.6
Brooklyn,Coop,2003-04-30,101.7
Brooklyn,Coop,2003-05-31,101.4
Brooklyn,Coop,2003-06-30,107.5
Brooklyn,Coop,2003-07-31,111.3
Brooklyn,Coop,2003-08-31,104.2
Brooklyn,Coop,2003-09-30,113.1
Brooklyn,Coop,2003-10-31,103.6
Brooklyn,Coop,2003-11-30,110.6
Brooklyn,Coop,2003-12-31,124.7
Brooklyn,Coop,2004-01-31,109.5
Brooklyn,Coop,2004-03-31,110.9
Brooklyn,Coop,2004-04-30,112.4
Brooklyn,Coop,2004-05-31,128.9
Brooklyn,Coop,2004-06-30,125.7
Brooklyn,Coop,2004-07-31,129.2
Brooklyn,Coop,2004-08-31,131.0
Brooklyn,Coop,2004-09-30,130.3
Brooklyn,Coop,2004-10-31,135.6
Brooklyn,Coop,2004-11-30,148.2
Brooklyn,Coop,2004-12-31,136.7
Brooklyn,Coop,2005-01-31,132.7
Brooklyn,Coop,2005-02-28,136.4
Brooklyn,Coop,2005-03-31,144.2
Brooklyn,Coop,2005-04-30,138.3
Brooklyn,Coop,2005-05-31,142.1
Brooklyn,Coop,2005-06-30,157.2
Brooklyn,Coop,2005-07-31,152.2
Brooklyn,Coop,2005-08-31,156.9
Brooklyn,Coop,2005-09-30,157.6
Brooklyn,Coop,2005-10-31,156.8
Brooklyn,Coop,2005-11-30,165.6
Brooklyn,Coop,2005-12-31,162.1
Brooklyn,Coop,2006-01-31,152.9
Brooklyn,Coop,2006-02-28,153.4
Brooklyn,Coop,2006-03-31,153.1
Brooklyn,Coop,2006-04-30,151.1
Brooklyn,Coop,2006-05-31,166.5
Brooklyn,Coop,2006-06-30,166.8
Brooklyn,Coop,2006-07-31,171.5
Brooklyn,Coop,2006-08-31,167.8
Brooklyn,Coop,2006-09-30,156.0
Brooklyn,Coop,2006-10-31,171.5
Brooklyn,Coop,2006-11-30,164.6
Brooklyn,Coop,2006-12-31,169.2
Brooklyn,Coop,2007-01-31,170.4
Brooklyn,Coop,2007-02-28,165.4
Brooklyn,Coop,2007-03-31,173.9
Brooklyn,Coop,2007-04-30,164.4
Brooklyn,Coop,2007-05-31,176.5
Brooklyn,Coop,2007-06-30,180.0
Brooklyn,Coop,2007-07-31,179.1
Brooklyn,Coop,2007-08-31,181.8
Brooklyn,Coop,2007-09-30,178.5
Brooklyn,Coop,2007-10-31,184.2
Brooklyn,Coop,2007-11-30,184.5
Brooklyn,Coop,2007-12-31,181.9
Brooklyn,Coop,2008-01-31,184.4
Brooklyn,Coop,2008-02-29,179.2
Brooklyn,Coop,2008-03-31,190.4
Brooklyn,Coop,2008-04-30,183.7
Brooklyn,Coop,2008-05-31,184.6
Brooklyn,Coop,2008-06-30,174.9
Brooklyn,Coop,2008-07-31,178.7
Brooklyn,Coop,2008-08-31,181.1
Brooklyn,Coop,2008-09-30,167.9
Brooklyn,Coop,2008-10-31,172.9
Brooklyn,Coop,2008-11-30,178.4
Brooklyn,Coop,2008-12-31,167.7
Brooklyn,Coop,2009-01-31,177.6
Brooklyn,Coop,2009-02-28,172.2
Brooklyn,Coop,2009-03-31,183.1
Brooklyn,Coop,2009-04-30,168.8
Brooklyn,Coop,2009-05-31,163.2
Brooklyn,Coop,2009-06-30,159.8
Brooklyn,Coop,2009-07-31,164.0
Brooklyn,Coop,2009-08-31,175.0
Brooklyn,Coop,2009-09-30,161.6
Brooklyn,Coop,2009-10-31,161.0
Brooklyn,Coop,2009-11-30,158.9
Brooklyn,Coop,2009-12-31,161.8
Brooklyn,Coop,2010-01-31,163.1
Brooklyn,Coop,2010-02-28,168.6
Brooklyn,Coop,2010-03-31,160.6
Brooklyn,Coop,2010-04-30,166.6
Brooklyn,Coop,2010-05-31,175.7
Brooklyn,Coop,2011-01-31,166.7
Brooklyn,Coop,2011-02-28,170.1
Brooklyn,Coop,2011-03-31,166.4
Brooklyn,Coop,2011-04-30,179.0
Brooklyn,Coop,2011-05-31,164.3
Brooklyn,Coop,2011-06-30,165.5
Brooklyn,Coop,2011-07-31,185.3
Brooklyn,Coop,2011-08-31,183.1
Brooklyn,Coop,2011-09-30,172.6
Brooklyn,Coop,2011-10-31,157.4
Brooklyn,Coop,2011-11-30,164.5
Brooklyn,Coop,2011-12-31,182.8
Brooklyn,Coop,2012-01-31,165.3
Brooklyn,Coop,2012-02-29,174.7
Brooklyn,Coop,2012-03-31,169.1
Brooklyn,Coop,2012-04-30,154.2
Brooklyn,Coop,2012-05-31,175.5
Brooklyn,Coop,2012-06-30,177.5
Brooklyn,Coop,2012-07-31,187.1
Brooklyn,Coop,2012-08-31,174.6
Brooklyn,Coop,2012-09-30,185.9
Brooklyn,Coop,2012-10-31,192.6
Brooklyn,Coop,2012-11-30,190.0
Brooklyn,Coop,2012-12-31,174.6
Brooklyn,Coop,2013-01-31,192.7
Brooklyn,Coop,2013-02-28,181.9
Brooklyn,Coop,2013-03-31,187.0
Brooklyn,Coop,2013-04-30,196.3
Brooklyn,Coop,2013-05-31,193.3
Brooklyn,Coop,2013-06-30,205.4
Brooklyn,Coop,2013-07-31,216.4
Brooklyn,Coop,2013-08-31,198.7
Brooklyn,Coop,2013-09-30,209.9
Brooklyn,Coop,2013-10-31,200.9
Brooklyn,Coop,2013-11-30,225.4
Brooklyn,Coop,2013-12-31,208.9
Brooklyn,Coop,2014-01-31,215.2
Brooklyn,Coop,2014-02-28,203.6
Brooklyn,Coop,2014-03-31,219.9
Brooklyn,Coop,2014-04-30,210.6
Brooklyn,Coop,2014-05-31,237.2
Brooklyn,Coop,2014-06-30,224.6
Brooklyn,Coop,2014-07-31,229.2
Brooklyn,Coop,2014-08-31,238.1
Brooklyn,Coop,2014-09-30,231.4
Brooklyn,Coop,2014-10-31,224.2
Brooklyn,Coop,2014-11-30,223.7
Brooklyn,Coop,2014-12-31,242.0
Brooklyn,Coop,2015-01-31,240.1
Brooklyn,Coop,2015-02-28,225.8
Brooklyn,Coop,2015-03-31,230.4
Brooklyn,Coop,2015-04-30,247.6
Brooklyn,Coop,2015-05-31,247.5
Brooklyn,Coop,2015-06-30,252.7
Brooklyn,Coop,2015-07-31,246.4
Brooklyn,Coop,2015-08-31,249.1
Brooklyn,Coop,2015-09-30,254.5
Brooklyn,Coop,2015-10-31,257.5
Brooklyn,Coop,2015-11-30,261.7
Brooklyn,Coop,2015-12-31,253.4
Brooklyn,Coop,2016-01-31,271.6
Brooklyn,Coop,2016-02-29,238.5
Brooklyn,Coop,2016-03-31,250.5
Brooklyn,Coop,2016-04-30,257.1
Brooklyn,Coop,2016-05-31,258.6
Brooklyn,Coop,2016-06-30,273.6
Brooklyn,Coop,2016-07-31,265.9
Brooklyn,Coop,2016-08-31,269.4
Brooklyn,Coop,2016-09-30,255.4
Brooklyn,Coop,2016-10-31,279.2
Brooklyn,Coop,2016-11-30,263.4
Brooklyn,Coop,2016-12-31,265.7
Brooklyn,Coop,2017-01-31,277.3
Brooklyn,Coop,2017-02-28,268.8
Brooklyn,Coop,2017-03-31,264.1
Brooklyn,Coop,2017-04-30,267.9
Brooklyn,Coop,2017-05-31,254.6
Brooklyn,Coop,2017-06-30,284.1
Brooklyn,Coop,2017-07-31,263.9
Brooklyn,Coop,2017-08-31,277.9
Brooklyn,Coop,2017-09-30,264.3
Brooklyn,Coop,2017-10-31,274.7
Brooklyn,Coop,2017-11-30,274.8
Brooklyn,Coop,2017-12-31,283.0
Brooklyn,Coop,2018-01-31,270.2
Brooklyn,Coop,2018-02-28,275.0
Brooklyn,Coop,2018-03-31,265.9
Brooklyn,Coop,2018-04-30,275.6
Brooklyn,Coop,2018-05-31,291.4
Brooklyn,Coop,2018-06-30,276.7
Brooklyn,Coop,2018-07-31,291.8
Brooklyn,Coop,2018-08-31,291.6
Brooklyn,Coop,2018-09-30,272.0
Brooklyn,Coop,2018-10-31,277.3
Brooklyn,Coop,2018-11-30,276.8
Brooklyn,Coop,2018-12-31,281.6
Brooklyn,Coop,2019-01-31,289.5
Brooklyn,Coop,2019-02-28,268.4
Brooklyn,Coop,2019-03-31,276.0
Brooklyn,Coop,2019-04-30,287.8
Brooklyn,Coop,2019-05-31,284.0
Brooklyn,Coop,2019-06-30,293.5
Brooklyn,Coop,2019-07-31,287.9
Brooklyn,Coop,2019-08-31,288.3
Brooklyn,Coop,2019-09-30,277.3
Brooklyn,Coop,2019-10-31,281.3
Brooklyn,Coop,2019-11-30,271.8
Brooklyn,Coop,2019-12-31,276.3
Brooklyn,Coop,2020-01-31,276.0
Brooklyn,Coop,2020-02-29,283.7
Brooklyn,Coop,2020-03-31,273.3
Brooklyn,Coop,2020-04-30,297.8
Brooklyn,Coop,2020-05-31,299.6
Brooklyn,Coop,2020-06-30,282.9
Brooklyn,Coop,2020-07-31,286.9
Brooklyn,Coop,2020-08-31,311.1
Brooklyn,Coop,2020-09-30,282.3
Brooklyn,Coop,2020-10-31,279.6
Brooklyn,Coop,2020-11-30,286.8
Brooklyn,Coop,2020-12-31,281.1
Brooklyn,Coop,2021-01-31,278.5
Brooklyn,Coop,2021-02-28,292.4
Brooklyn,Coop,2021-03-31,284.1
Brooklyn,Coop,2021-04-30,303.9
Brooklyn,Coop,2021-05-31,298.1
Brooklyn,Coop,2021-06-30,298.5
Brooklyn,Coop,2021-07-31,307.1
Brooklyn,Coop,2021-08-31,295.4
Brooklyn,Coop,2021-09-30,315.5
Brooklyn,Coop,2021-10-31,301.1
Brooklyn,Coop,2021-11-30,304.2
Brooklyn,Coop,2021-12-31,299.1
Brooklyn,Coop,2022-01-31,297.8
Brooklyn,Coop,2022-02-28,312.0
Brooklyn,Coop,2022-03-31,307.0
Brooklyn,Coop,2022-04-30,311.1
Brooklyn,Coop,2022-05-31,330.4
Brooklyn,Coop,2022-06-30,340.5
Brooklyn,Coop,2022-07-31,320.2
Brooklyn,Coop,2022-08-31,323.5
Brooklyn,Coop,2022-09-30,332.1
Brooklyn,Coop,2022-10-31,315.9
Brooklyn,Coop,2022-11-30,284.7
Brooklyn,Coop,2022-12-31,281.3
Brooklyn,Coop,2023-01-31,327.4
Brooklyn,Coop,2023-02-28,291.7
Brooklyn,Coop,2023-03-31,286.5
Brooklyn,Coop,2023-04-30,331.3
Brooklyn,Coop,2023-05-31,311.3
Brooklyn,Coop,2023-06-30,333.4
Brooklyn,Coop,2023-07-31,323.2
Brooklyn,Coop,2023-08-31,324.2
Brooklyn,Coop,2023-09-30,289.3
Brooklyn,Coop,2023-10-31,319.8
Brooklyn,Coop,2023-11-30,318.5
Brooklyn,Coop,2023-12-31,341.9
Brooklyn,Coop,2024-01-31,313.4
Brooklyn,Coop,2024-02-29,305.6
Brooklyn,Coop,2024-03-31,363.4
Brooklyn,Coop,2024-04-30,336.5
Brooklyn,Coop,2024-05-31,353.9
Brooklyn,Coop,2024-06-30,348.4
Brooklyn,Coop,2024-07-31,343.5
Brooklyn,Coop,2024-08-31,322.6
Brooklyn,Coop,2024-09-30,340.0
Brooklyn,Coop,2024-10-31,325.8
Brooklyn,Coop,2024-11-30,339.7
Brooklyn,Coop,2024-12-31,338.2
Brooklyn,Coop,2025-01-31,330.5
Brooklyn,Coop,2025-02-28,324.9
Brooklyn,Coop,2025-03-31,322.2
Brooklyn,Coop,2025-04-30,326.2
Brooklyn,Coop,2025-05-31,384.6
Brooklyn,Coop,2025-06-30,344.7
Brooklyn,Coop,2025-07-31,338.5
Brooklyn,Coop,2025-08-31,364.8
Brooklyn,Coop,2025-09-30,348.5
Brooklyn,Coop,2025-10-31,346.6
Brooklyn,Coop,2025-11-30,353.0
Brooklyn,Coop,2025-12-31,390.1
Brooklyn,Coop,2026-01-31,343.2
Brooklyn,Coop,2026-02-28,334.1
Brooklyn,Coop,2026-03-31,380.8
Brooklyn,Coop,2026-04-30,339.0
Brooklyn,Coop,2026-05-31,354.3
Brooklyn,Coop,2026-06-30,354.9
Brooklyn,Coop,2026-07-31,377.8
Brooklyn,SFH,2003-01-31,100.0
Brooklyn,SFH,2003-02-28,102.2
Brooklyn,SFH,2003-03-31,100.2
Brooklyn,SFH,2003-04-30,104.9
Brooklyn,SFH,2003-05-31,103.7
Brooklyn,SFH,2003-06-30,108.6
Brooklyn,SFH,2003-07-31,110.7
Brooklyn,SFH,2003-08-31,114.5
Brooklyn,SFH,2003-09-30,109.3
Brooklyn,SFH,2003-10-31,116.8
Brooklyn,SFH,2003-11-30,113.8
Brooklyn,SFH,2003-12-31,115.3
Brooklyn,SFH,2004-01-31,111.5
Brooklyn,SFH,2004-02-29,116.1
Brooklyn,SFH,2004-03-31,113.9
Brooklyn,SFH,2004-04-30,117.9
Brooklyn,SFH,2004-05-31,118.5
Brooklyn,SFH,2004-06-30,122.7
Brooklyn,SFH,2004-07-31,128.2
Brooklyn,SFH,2004-08-31,126.1
Brooklyn,SFH,2004-09-30,126.8
Brooklyn,SFH,2004-10-31,130.8
Brooklyn,SFH,2004-11-30,130.4
Brooklyn,SFH,2004-12-31,128.9
Brooklyn,SFH,2005-01-31,131.9
Brooklyn,SFH,2005-02-28,135.1
Brooklyn,SFH,2005-03-31,135.3
Brooklyn,SFH,2005-04-30,139.0
Brooklyn,SFH,2005-05-31,136.0
Brooklyn,SFH,2005-06-30,140.7
Brooklyn,SFH,2005-07-31,138.1
Brooklyn,SFH,2005-08-31,146.5
Brooklyn,SFH,2005-09-30,145.5
Brooklyn,SFH,2005-10-31,141.2
Brooklyn,SFH,2005-11-30,150.4
Brooklyn,SFH,2005-12-31,155.2
Brooklyn,SFH,2006-01-31,152.9
Brooklyn,SFH,2006-02-28,153.2
Brooklyn,SFH,2006-03-31,155.6
Brooklyn,SFH,2006-04-30,153.9
Brooklyn,SFH,2006-05-31,154.5
Brooklyn,SFH,2006-06-30,157.5
Brooklyn,SFH,2006-07-31,155.4
Brooklyn,SFH,2006-08-31,157.9
Brooklyn,SFH,2006-09-30,166.4
Brooklyn,SFH,2006-10-31,161.0
Brooklyn,SFH,2006-11-30,147.6
Brooklyn,SFH,2006-12-31,159.0
Brooklyn,SFH,2007-01-31,163.0
Brooklyn,SFH,2007-02-28,163.1
Brooklyn,SFH,2007-03-31,158.3
Brooklyn,SFH,2007-04-30,158.3
Brooklyn,SFH,2007-05-31,163.5
Brooklyn,SFH,2007-06-30,154.5
Brooklyn,SFH,2007-07-31,165.8
Brooklyn,SFH,2007-08-31,166.4
Brooklyn,SFH,2007-09-30,156.0
Brooklyn,SFH,2007-10-31,161.0
Brooklyn,SFH,2007-11-30,154.9
Brooklyn,SFH,2007-12-31,159.9
Brooklyn,SFH,2008-01-31,152.2
Brooklyn,SFH,2008-02-29,159.6
Brooklyn,SFH,2008-03-31,157.1
Brooklyn,SFH,2008-04-30,150.5
Brooklyn,SFH,2008-05-31,155.8
Brooklyn,SFH,2008-06-30,160.4
Brooklyn,SFH,2008-07-31,149.0
Brooklyn,SFH,2008-08-31,153.4
Brooklyn,SFH,2008-09-30,150.5
Brooklyn,SFH,2008-10-31,153.3
Brooklyn,SFH,2008-11-30,154.2
Brooklyn,SFH,2008-12-31,156.8
Brooklyn,SFH,2009-01-31,160.5
Brooklyn,SFH,2009-02-28,139.5
Brooklyn,SFH,2009-03-31,140.6
Brooklyn,SFH,2009-04-30,146.5
Brooklyn,SFH,2009-05-31,145.7
Brooklyn,SFH,2009-06-30,139.6
Brooklyn,SFH,2009-07-31,144.4
Brooklyn,SFH,2009-08-31,137.5
Brooklyn,SFH,2009-09-30,151.8
Brooklyn,SFH,2009-10-31,134.9
Brooklyn,SFH,2009-11-30,147.8
Brooklyn,SFH,2009-12-31,152.0
Brooklyn,SFH,2010-01-31,139.6
Brooklyn,SFH,2010-02-28,139.6
Brooklyn,SFH,2010-03-31,144.3
Brooklyn,SFH,2010-04-30,142.2
Brooklyn,SFH,2010-05-31,130.6
Brooklyn,SFH,2010-06-30,141.0
Brooklyn,SFH,2010-07-31,140.8
Brooklyn,SFH,2010-08-31,125.0
Brooklyn,SFH,2010-09-30,141.2
Brooklyn,SFH,2010-10-31,140.9
Brooklyn,SFH,2010-11-30,138.5
Brooklyn,SFH,2010-12-31,143.3
Brooklyn,SFH,2011-01-31,140.3
Brooklyn,SFH,2011-02-28,140.3
Brooklyn,SFH,2011-03-31,138.5
Brooklyn,SFH,2011-04-30,146.2
Brooklyn,SFH,2011-05-31,142.5
Brooklyn,SFH,2011-06-30,144.4
Brooklyn,SFH,2011-07-31,146.0
Brooklyn,SFH,2011-08-31,148.1
Brooklyn,SFH,2011-09-30,143.8
Brooklyn,SFH,2011-10-31,127.9
Brooklyn,SFH,2011-11-30,131.4
Brooklyn,SFH,2011-12-31,135.1
Brooklyn,SFH,2012-01-31,134.5
Brooklyn,SFH,2012-02-29,139.2
Brooklyn,SFH,2012-03-31,141.3
Brooklyn,SFH,2012-04-30,147.0
Brooklyn,SFH,2012-05-31,148.7
Brooklyn,SFH,2012-06-30,138.6
Brooklyn,SFH,2012-07-31,141.6
Brooklyn,SFH,2012-08-31,148.1
Brooklyn,SFH,2012-09-30,140.8
Brooklyn,SFH,2012-10-31,143.6
Brooklyn,SFH,2012-11-30,152.0
Brooklyn,SFH,2012-12-31,148.9
Brooklyn,SFH,2013-01-31,152.0
Brooklyn,SFH,2013-02-28,147.7
Brooklyn,SFH,2013-03-31,144.1
Brooklyn,SFH,2013-04-30,143.4
Brooklyn,SFH,2013-05-31,146.9
Brooklyn,SFH,2013-06-30,146.3
Brooklyn,SFH,2013-07-31,154.9
Brooklyn,SFH,2013-08-31,150.1
Brooklyn,SFH,2013-09-30,157.8
Brooklyn,SFH,2013-10-31,142.1
Brooklyn,SFH,2013-11-30,148.5
Brooklyn,SFH,2013-12-31,153.5
Brooklyn,SFH,2014-01-31,151.6
Brooklyn,SFH,2014-02-28,153.2
Brooklyn,SFH,2014-03-31,165.8
Brooklyn,SFH,2014-04-30,150.9
Brooklyn,SFH,2014-05-31,153.2
Brooklyn,SFH,2014-06-30,171.7
Brooklyn,SFH,2014-07-31,162.6
Brooklyn,SFH,2014-08-31,174.2
Brooklyn,SFH,2014-09-30,176.0
Brooklyn,SFH,2014-10-31,177.7
Brooklyn,SFH,2014-11-30,167.4
Brooklyn,SFH,2014-12-31,165.3
Brooklyn,SFH,2015-01-31,186.3
Brooklyn,SFH,2015-02-28,174.8
Brooklyn,SFH,2015-03-31,171.0
Brooklyn,SFH,2015-04-30,176.8
Brooklyn,SFH,2015-05-31,177.3
Brooklyn,SFH,2015-06-30,187.6
Brooklyn,SFH,2015-07-31,175.3
Brooklyn,SFH,2015-08-31,180.7
Brooklyn,SFH,2015-09-30,182.4
Brooklyn,SFH,2015-10-31,188.0
Brooklyn,SFH,2015-11-30,181.7
Brooklyn,SFH,2015-12-31,189.1
Brooklyn,SFH,2016-01-31,181.7
Brooklyn,SFH,2016-02-29,193.3
Brooklyn,SFH,2016-03-31,199.0
Brooklyn,SFH,2016-04-30,195.2
Brooklyn,SFH,2016-05-31,176.2
Brooklyn,SFH,2016-06-30,182.3
Brooklyn,SFH,2016-07-31,195.5
Brooklyn,SFH,2016-08-31,192.5
Brooklyn,SFH,2016-09-30,195.9
Brooklyn,SFH,2016-10-31,200.1
Brooklyn,SFH,2016-11-30,193.6
Brooklyn,SFH,2016-12-31,199.8
Brooklyn,SFH,2017-01-31,185.8
Brooklyn,SFH,2017-02-28,200.8
Brooklyn,SFH,2017-03-31,204.6
Brooklyn,SFH,2017-04-30,200.2
Brooklyn,SFH,2017-05-31,205.2
Brooklyn,SFH,2017-06-30,211.1
Brooklyn,SFH,2017-07-31,216.1
Brooklyn,SFH,2017-08-31,214.8
Brooklyn,SFH,2017-09-30,213.8
Brooklyn,SFH,2017-10-31,208.4
Brooklyn,SFH,2017-11-30,219.3
Brooklyn,SFH,2017-12-31,213.8
Brooklyn,SFH,2018-01-31,224.8
Brooklyn,SFH,2018-02-28,223.0
Brooklyn,SFH,2018-03-31,222.0
Brooklyn,SFH,2018-04-30,205.3
Brooklyn,SFH,2018-05-31,209.8
Brooklyn,SFH,2018-06-30,209.9
Brooklyn,SFH,2018-07-31,220.0
Brooklyn,SFH,2018-08-31,229.0
Brooklyn,SFH,2018-09-30,230.1
Brooklyn,SFH,2018-10-31,237.2
Brooklyn,SFH,2018-11-30,222.0
Brooklyn,SFH,2018-12-31,242.1
Brooklyn,SFH,2019-01-31,219.7
Brooklyn,SFH,2019-02-28,213.9
Brooklyn,SFH,2019-03-31,235.4
Brooklyn,SFH,2019-04-30,220.9
Brooklyn,SFH,2019-05-31,241.2
Brooklyn,SFH,2019-06-30,223.9
Brooklyn,SFH,2019-07-31,226.0
Brooklyn,SFH,2019-08-31,225.3
Brooklyn,SFH,2019-09-30,228.0
Brooklyn,SFH,2019-10-31,242.3
Brooklyn,SFH,2019-11-30,238.0
Brooklyn,SFH,2019-12-31,242.4
Brooklyn,SFH,2020-01-31,224.6
Brooklyn,SFH,2020-02-29,253.4
Brooklyn,SFH,2020-03-31,241.9
Brooklyn,SFH,2020-04-30,218.4
Brooklyn,SFH,2020-05-31,233.3
Brooklyn,SFH,2020-06-30,230.2
Brooklyn,SFH,2020-07-31,228.9
Brooklyn,SFH,2020-08-31,228.2
Brooklyn,SFH,2020-09-30,244.5
Brooklyn,SFH,2020-10-31,242.1
Brooklyn,SFH,2020-11-30,250.6
Brooklyn,SFH,2020-12-31,246.4
Brooklyn,SFH,2021-01-31,245.9
Brooklyn,SFH,2021-02-28,239.2
Brooklyn,SFH,2021-03-31,250.9
Brooklyn,SFH,2021-04-30,262.1
Brooklyn,SFH,2021-05-31,250.5
Brooklyn,SFH,2021-06-30,272.5
Brooklyn,SFH,2021-07-31,268.0
Brooklyn,SFH,2021-08-31,269.3
Brooklyn,SFH,2021-09-30,264.0
Brooklyn,SFH,2021-10-31,263.1
Brooklyn,SFH,2021-11-30,264.2
Brooklyn,SFH,2021-12-31,255.5
Brooklyn,SFH,2022-01-31,275.6
Brooklyn,SFH,2022-02-28,263.0
Brooklyn,SFH,2022-03-31,269.6
Brooklyn,SFH,2022-04-30,259.4
Brooklyn,SFH,2022-05-31,285.8
Brooklyn,SFH,2022-06-30,283.6
Brooklyn,SFH,2022-07-31,287.8
Brooklyn,SFH,2022-08-31,284.6
Brooklyn,SFH,2022-09-30,270.2
Brooklyn,SFH,2022-10-31,277.1
Brooklyn,SFH,2022-11-30,264.8
Brooklyn,SFH,2022-12-31,269.1
Brooklyn,SFH,2023-01-31,294.5
Brooklyn,SFH,2023-02-28,279.0
Brooklyn,SFH,2023-03-31,270.4
Brooklyn,SFH,2023-04-30,258.2
Brooklyn,SFH,2023-05-31,279.1
Brooklyn,SFH,2023-06-30,274.9
Brooklyn,SFH,2023-07-31,282.8
Brooklyn,SFH,2023-08-31,291.8
Brooklyn,SFH,2023-09-30,270.6
Brooklyn,SFH,2023-10-31,284.2
Brooklyn,SFH,2023-11-30,260.2
Brooklyn,SFH,2023-12-31,263.3
Brooklyn,SFH,2024-01-31,276.4
Brooklyn,SFH,2024-02-29,292.1
Brooklyn,SFH,2024-03-31,280.3
Brooklyn,SFH,2024-04-30,306.4
Brooklyn,SFH,2024-05-31,268.3
Brooklyn,SFH,2024-06-30,281.0
Brooklyn,SFH,2024-07-31,295.8
Brooklyn,SFH,2024-08-31,289.5
Brooklyn,SFH,2024-09-30,308.7
Brooklyn,SFH,2024-10-31,294.5
Brooklyn,SFH,2024-11-30,304.1
Brooklyn,SFH,2024-12-31,290.6
Brooklyn,SFH,2025-01-31,283.0
Brooklyn,SFH,2025-02-28,302.6
Brooklyn,SFH,2025-03-31,277.1
Brooklyn,SFH,2025-04-30,327.7
Brooklyn,SFH,2025-05-31,322.6
Brooklyn,SFH,2025-06-30,313.3
Brooklyn,SFH,2025-07-31,293.0
Brooklyn,SFH,2025-08-31,339.0
Brooklyn,SFH,2025-09-30,295.1
Brooklyn,SFH,2025-10-31,303.3
Brooklyn,SFH,2025-11-30,328.0
Brooklyn,SFH,2025-12-31,313.0
Brooklyn,SFH,2026-01-31,307.7
Brooklyn,SFH,2026-02-28,319.7
Brooklyn,SFH,2026-03-31,350.4
Brooklyn,SFH,2026-04-30,299.2
Brooklyn,SFH,2026-05-31,308.2
Brooklyn,SFH,2026-06-30,335.4
Brooklyn,SFH,2026-07-31,337.5
Manhattan,Condo,2003-01-31,100.0
Manhattan,Condo,2003-02-28,83.8
Manhattan,Condo,2003-03-31,95.7
Manhattan,Condo,2003-04-30,100.1
Manhattan,Condo,2003-05-31,105.5
Manhattan,Condo,2003-06-30,100.7
Manhattan,Condo,2003-07-31,100.3
Manhattan,Condo,2003-08-31,99.3
Manhattan,Condo,2003-09-30,104.8
Manhattan,Condo,2003-10-31,105.7
Manhattan,Condo,2003-11-30,105.6
Manhattan,Condo,2003-12-31,106.4
Manhattan,Condo,2004-01-31,110.7
Manhattan,Condo,2004-02-29,110.2
Manhattan,Condo,2004-03-31,113.9
Manhattan,Condo,2004-04-30,114.1
Manhattan,Condo,2004-05-31,119.5
Manhattan,Condo,2004-06-30,121.1
Manhattan,Condo,2004-07-31,127.0
Manhattan,Condo,2004-08-31,126.6
Manhattan,Condo,2004-09-30,125.9
Manhattan,Condo,2004-10-31,124.8
Manhattan,Condo,2004-11-30,125.9
Manhattan,Condo,2004-12-31,128.9
Manhattan,Condo,2005-01-31,132.3
Manhattan,Condo,2005-02-28,136.8
Manhattan,Condo,2005-03-31,131.9
Manhattan,Condo,2005-04-30,138.8
Manhattan,Condo,2005-05-31,143.2
Manhattan,Condo,2005-06-30,146.1
Manhattan,Condo,2005-07-31,147.6
Manhattan,Condo,2005-08-31,151.1
Manhattan,Condo,2005-09-30,154.3
Manhattan,Condo,2005-10-31,152.3
Manhattan,Condo,2005-11-30,153.2
Manhattan,Condo,2005-12-31,152.7
Manhattan,Condo,2006-01-31,152.5
Manhattan,Condo,2006-02-28,149.7
Manhattan,Condo,2006-03-31,156.2
Manhattan,Condo,2006-04-30,155.9
Manhattan,Condo,2006-05-31,153.3
Manhattan,Condo,2006-06-30,157.6
Manhattan,Condo,2006-07-31,160.1
Manhattan,Condo,2006-08-31,160.9
Manhattan,Condo,2006-09-30,163.0
Manhattan,Condo,2006-10-31,164.3
Manhattan,Condo,2006-11-30,165.2
Manhattan,Condo,2006-12-31,162.3
Manhattan,Condo,2007-01-31,160.1
Manhattan,Condo,2007-02-28,158.6
Manhattan,Condo,2007-03-31,163.4
Manhattan,Condo,2007-04-30,166.8
Manhattan,Condo,2007-05-31,168.9
Manhattan,Condo,2007-06-30,175.9
Manhattan,Condo,2007-07-31,173.9
Manhattan,Condo,2007-08-31,176.7
Manhattan,Condo,2007-09-30,178.1
Manhattan,Condo,2007-10-31,177.5
Manhattan,Condo,2007-11-30,175.5
Manhattan,Condo,2007-12-31,177.7
Manhattan,Condo,2008-01-31,176.8
Manhattan,Condo,2008-02-29,179.6
Manhattan,Condo,2008-03-31,177.6
Manhattan,Condo,2008-04-30,176.9
Manhattan,Condo,2008-05-31,182.2
Manhattan,Condo,2008-06-30,178.0
Manhattan,Condo,2008-07-31,171.9
Manhattan,Condo,2008-08-31,176.2
Manhattan,Condo,2008-09-30,178.1
Manhattan,Condo,2008-10-31,171.6
Manhattan,Condo,2008-11-30,174.2
Manhattan,Condo,2008-12-31,173.5
Manhattan,Condo,2009-01-31,165.5
Manhattan,Condo,2009-02-28,165.7
Manhattan,Condo,2009-03-31,164.2
Manhattan,Condo,2009-04-30,167.1
Manhattan,Condo,2009-05-31,159.6
Manhattan,Condo,2009-06-30,154.9
Manhattan,Condo,2009-07-31,153.6
Manhattan,Condo,2009-08-31,157.2
Manhattan,Condo,2009-09-30,157.3
Manhattan,Condo,2009-10-31,158.3
Manhattan,Condo,2009-11-30,153.1
Manhattan,Condo,2009-12-31,157.4
Manhattan,Condo,2010-01-31,156.3
Manhattan,Condo,2010-02-28,160.0
Manhattan,Condo,2010-03-31,160.8
Manhattan,Condo,2010-04-30,161.1
Manhattan,Condo,2010-05-31,158.0
Manhattan,Condo,2010-06-30,164.6
Manhattan,Condo,2010-07-31,162.0
Manhattan,Condo,2010-08-31,165.5
Manhattan,Condo,2010-09-30,165.5
Manhattan,Condo,2010-10-31,157.8
Manhattan,Condo,2010-11-30,161.8
Manhattan,Condo,2010-12-31,163.8
Manhattan,Condo,2011-01-31,161.1
Manhattan,Condo,2011-02-28,164.0
Manhattan,Condo,2011-03-31,160.7
Manhattan,Condo,2011-04-30,166.2
Manhattan,Condo,2011-05-31,164.2
Manhattan,Condo,2011-06-30,163.9
Manhattan,Condo,2011-07-31,167.7
Manhattan,Condo,2011-08-31,168.5
Manhattan,Condo,2011-09-30,164.9
Manhattan,Condo,2011-10-31,170.4
Manhattan,Condo,2011-11-30,165.8
Manhattan,Condo,2011-12-31,167.5
Manhattan,Condo,2012-01-31,166.1
Manhattan,Condo,2012-02-29,168.2
Manhattan,Condo,2012-03-31,171.2
Manhattan,Condo,2012-04-30,167.2
Manhattan,Condo,2012-05-31,174.8
Manhattan,Condo,2012-06-30,172.4
Manhattan,Condo,2012-07-31,177.6
Manhattan,Condo,2012-08-31,171.9
Manhattan,Condo,2012-09-30,175.9
Manhattan,Condo,2012-10-31,176.4
Manhattan,Condo,2012-11-30,170.9
Manhattan,Condo,2012-12-31,178.7
Manhattan,Condo,2013-01-31,178.5
Manhattan,Condo,2013-02-28,180.9
Manhattan,Condo,2013-03-31,182.5
Manhattan,Condo,2013-04-30,186.8
Manhattan,Condo,2013-05-31,191.3
Manhattan,Condo,2013-06-30,187.9
Manhattan,Condo,2013-07-31,194.9
Manhattan,Condo,2013-08-31,197.7
Manhattan,Condo,2013-09-30,195.4
Manhattan,Condo,2013-10-31,194.5
Manhattan,Condo,2013-11-30,199.9
Manhattan,Condo,2013-12-31,204.1
Manhattan,Condo,2014-01-31,206.5
Manhattan,Condo,2014-02-28,209.4
Manhattan,Condo,2014-03-31,203.2
Manhattan,Condo,2014-04-30,209.9
Manhattan,Condo,2014-05-31,206.1
Manhattan,Condo,2014-06-30,212.9
Manhattan,Condo,2014-07-31,209.9
Manhattan,Condo,2014-08-31,213.4
Manhattan,Condo,2014-09-30,213.9
Manhattan,Condo,2014-10-31,218.2
Manhattan,Condo,2014-11-30,215.4
Manhattan,Condo,2014-12-31,215.2
Manhattan,Condo,2015-01-31,224.7
Manhattan,Condo,2015-02-28,213.3
Manhattan,Condo,2015-03-31,218.5
Manhattan,Condo,2015-04-30,224.6
Manhattan,Condo,2015-05-31,226.0
Manhattan,Condo,2015-06-30,227.6
Manhattan,Condo,2015-07-31,223.1
Manhattan,Condo,2015-08-31,227.4
Manhattan,Condo,2015-09-30,227.1
Manhattan,Condo,2015-10-31,224.6
Manhattan,Condo,2015-11-30,231.0
Manhattan,Condo,2015-12-31,225.3
Manhattan,Condo,2016-01-31,221.3
Manhattan,Condo,2016-02-29,221.8
Manhattan,Condo,2016-03-31,220.7
Manhattan,Condo,2016-04-30,226.6
Manhattan,Condo,2016-05-31,229.2
Manhattan,Condo,2016-06-30,227.3
Manhattan,Condo,2016-07-31,227.9
Manhattan,Condo,2016-08-31,226.3
Manhattan,Condo,2016-09-30,228.1
Manhattan,Condo,2016-10-31,231.7
Manhattan,Condo,2016-11-30,229.7
Manhattan,Condo,2016-12-31,222.8
Manhattan,Condo,2017-01-31,230.1
Manhattan,Condo,2017-02-28,230.8
Manhattan,Condo,2017-03-31,227.9
Manhattan,Condo,2017-04-30,229.9
Manhattan,Condo,2017-05-31,233.4
Manhattan,Condo,2017-06-30,234.0
Manhattan,Condo,2017-07-31,227.1
Manhattan,Condo,2017-08-31,231.3
Manhattan,Condo,2017-09-30,229.5
Manhattan,Condo,2017-10-31,236.3
Manhattan,Condo,2017-11-30,226.4
Manhattan,Condo,2017-12-31,230.5
Manhattan,Condo,2018-01-31,232.1
Manhattan,Condo,2018-02-28,227.2
Manhattan,Condo,2018-03-31,222.4
Manhattan,Condo,2018-04-30,224.1
Manhattan,Condo,2018-05-31,230.8
Manhattan,Condo,2018-06-30,229.6
Manhattan,Condo,2018-07-31,229.2
Manhattan,Condo,2018-08-31,227.0
Manhattan,Condo,2018-09-30,226.8
Manhattan,Condo,2018-10-31,224.7
Manhattan,Condo,2018-11-30,225.2
Manhattan,Condo,2018-12-31,215.7
Manhattan,Condo,2019-01-31,221.5
Manhattan,Condo,2019-02-28,226.6
Manhattan,Condo,2019-03-31,219.6
Manhattan,Condo,2019-04-30,215.4
Manhattan,Condo,2019-05-31,222.3
Manhattan,Condo,2019-06-30,220.7
Manhattan,Condo,2019-07-31,214.0
Manhattan,Condo,2019-08-31,218.2
Manhattan,Condo,2019-09-30,217.0
Manhattan,Condo,2019-10-31,213.1
Manhattan,Condo,2019-11-30,216.8
Manhattan,Condo,2019-12-31,220.1
Manhattan,Condo,2020-01-31,214.1
Manhattan,Condo,2020-02-29,212.4
Manhattan,Condo,2020-03-31,220.1
Manhattan,Condo,2020-04-30,217.2
Manhattan,Condo,2020-05-31,210.3
Manhattan,Condo,2020-06-30,200.1
Manhattan,Condo,2020-07-31,209.8
Manhattan,Condo,2020-08-31,208.3
Manhattan,Condo,2020-09-30,203.9
Manhattan,Condo,2020-10-31,201.7
Manhattan,Condo,2020-11-30,200.8
Manhattan,Condo,2020-12-31,198.7
Manhattan,Condo,2021-01-31,199.4
Manhattan,Condo,2021-02-28,198.8
Manhattan,Condo,2021-03-31,201.8
Manhattan,Condo,2021-04-30,209.0
Manhattan,Condo,2021-05-31,208.9
Manhattan,Condo,2021-06-30,209.9
Manhattan,Condo,2021-07-31,218.9
Manhattan,Condo,2021-08-31,215.0
Manhattan,Condo,2021-09-30,219.0
Manhattan,Condo,2021-10-31,217.1
Manhattan,Condo,2021-11-30,220.4
Manhattan,Condo,2021-12-31,236.0
Manhattan,Condo,2022-01-31,220.2
Manhattan,Condo,2022-02-28,227.8
Manhattan,Condo,2022-03-31,223.8
Manhattan,Condo,2022-04-30,221.4
Manhattan,Condo,2022-05-31,222.4
Manhattan,Condo,2022-06-30,229.2
Manhattan,Condo,2022-07-31,235.1
Manhattan,Condo,2022-08-31,223.9
Manhattan,Condo,2022-09-30,218.2
Manhattan,Condo,2022-10-31,236.7
Manhattan,Condo,2022-11-30,213.2
Manhattan,Condo,2022-12-31,216.7
Manhattan,Condo,2023-01-31,217.0
Manhattan,Condo,2023-02-28,218.0
Manhattan,Condo,2023-03-31,217.6
Manhattan,Condo,2023-04-30,210.3
Manhattan,Condo,2023-05-31,216.7
Manhattan,Condo,2023-06-30,215.2
Manhattan,Condo,2023-07-31,223.7
Manhattan,Condo,2023-08-31,217.0
Manhattan,Condo,2023-09-30,223.2
Manhattan,Condo,2023-10-31,214.3
Manhattan,Condo,2023-11-30,216.4
Manhattan,Condo,2023-12-31,212.4
Manhattan,Condo,2024-01-31,209.4
Manhattan,Condo,2024-02-29,209.6
Manhattan,Condo,2024-03-31,212.7
Manhattan,Condo,2024-04-30,204.7
Manhattan,Condo,2024-05-31,224.7
Manhattan,Condo,2024-06-30,216.6
Manhattan,Condo,2024-07-31,218.4
Manhattan,Condo,2024-08-31,228.6
Manhattan,Condo,2024-09-30,214.0
Manhattan,Condo,2024-10-31,214.8
Manhattan,Condo,2024-11-30,221.1
Manhattan,Condo,2024-12-31,215.0
Manhattan,Condo,2025-01-31,216.0
Manhattan,Condo,2025-02-28,234.7
Manhattan,Condo,2025-03-31,213.2
Manhattan,Condo,2025-04-30,212.9
Manhattan,Condo,2025-05-31,216.8
Manhattan,Condo,2025-06-30,216.2
Manhattan,Condo,2025-07-31,215.4
Manhattan,Condo,2025-08-31,220.1
Manhattan,Condo,2025-09-30,214.1
Manhattan,Condo,2025-10-31,212.5
Manhattan,Condo,2025-11-30,210.7
Manhattan,Condo,2025-12-31,224.2
Manhattan,Condo,2026-01-31,221.8
Manhattan,Condo,2026-02-28,210.1
Manhattan,Condo,2026-03-31,213.5
Manhattan,Condo,2026-04-30,214.3
Manhattan,Condo,2026-05-31,221.3
Manhattan,Condo,2026-06-30,224.3
Manhattan,Condo,2026-07-31,228.5
Manhattan,Coop,2003-01-31,100.0
Manhattan,Coop,2003-02-28,116.1
Manhattan,Coop,2003-03-31,101.6
Manhattan,Coop,2003-04-30,108.7
Manhattan,Coop,2003-05-31,106.0
Manhattan,Coop,2003-06-30,97.8
Manhattan,Coop,2003-07-31,106.7
Manhattan,Coop,2003-08-31,109.3
Manhattan,Coop,2003-09-30,109.9
Manhattan,Coop,2003-10-31,113.8
Manhattan,Coop,2003-11-30,110.5
Manhattan,Coop,2003-12-31,113.6
Manhattan,Coop,2004-01-31,122.8
Manhattan,Coop,2004-02-29,116.8
Manhattan,Coop,2004-03-31,129.0
Manhattan,Coop,2004-04-30,144.1
Manhattan,Coop,2004-05-31,133.7
Manhattan,Coop,2004-06-30,130.4
Manhattan,Coop,2004-07-31,132.6
Manhattan,Coop,2004-08-31,129.4
Manhattan,Coop,2004-09-30,131.3
Manhattan,Coop,2004-10-31,130.6
Manhattan,Coop,2004-11-30,135.0
Manhattan,Coop,2004-12-31,147.8
Manhattan,Coop,2005-01-31,139.3
Manhattan,Coop,2005-02-28,139.1
Manhattan,Coop,2005-03-31,146.8
Manhattan,Coop,2005-04-30,144.5
Manhattan,Coop,2005-05-31,135.9
Manhattan,Coop,2005-06-30,149.1
Manhattan,Coop,2005-07-31,153.2
Manhattan,Coop,2005-08-31,168.9
Manhattan,Coop,2005-09-30,158.9
Manhattan,Coop,2005-10-31,143.3
Manhattan,Coop,2005-11-30,165.8
Manhattan,Coop,2005-12-31,156.1
Manhattan,Coop,2006-01-31,175.4
Manhattan,Coop,2006-02-28,155.6
Manhattan,Coop,2006-03-31,147.2
Manhattan,Coop,2006-04-30,163.3
Manhattan,Coop,2006-05-31,161.3
Manhattan,Coop,2006-06-30,157.1
Manhattan,Coop,2006-07-31,156.0
Manhattan,Coop,2006-08-31,156.1
Manhattan,Coop,2006-09-30,163.2
Manhattan,Coop,2006-10-31,165.6
Manhattan,Coop,2006-11-30,160.0
Manhattan,Coop,2006-12-31,159.4
Manhattan,Coop,2007-01-31,164.2
Manhattan,Coop,2007-02-28,172.6
Manhattan,Coop,2007-03-31,176.9
Manhattan,Coop,2007-04-30,173.2
Manhattan,Coop,2007-05-31,168.4
Manhattan,Coop,2007-06-30,171.8
Manhattan,Coop,2007-07-31,179.4
Manhattan,Coop,2007-08-31,179.3
Manhattan,Coop,2007-09-30,170.7
Manhattan,Coop,2007-10-31,181.1
Manhattan,Coop,2007-11-30,193.5
Manhattan,Coop,2007-12-31,178.4
Manhattan,Coop,2008-01-31,170.9
Manhattan,Coop,2008-02-29,187.6
Manhattan,Coop,2008-03-31,187.1
Manhattan,Coop,2008-04-30,181.5
Manhattan,Coop,2008-05-31,181.2
Manhattan,Coop,2008-06-30,185.2
Manhattan,Coop,2008-07-31,181.9
Manhattan,Coop,2008-08-31,178.4
Manhattan,Coop,2008-09-30,169.9
Manhattan,Coop,2008-10-31,180.0
Manhattan,Coop,2008-11-30,179.5
Manhattan,Coop,2008-12-31,171.6
Manhattan,Coop,2009-01-31,191.3
Manhattan,Coop,2009-02-28,159.4
Manhattan,Coop,2009-03-31,160.2
Manhattan,Coop,2009-04-30,156.2
Manhattan,Coop,2009-05-31,153.9
Manhattan,Coop,2009-06-30,160.3
Manhattan,Coop,2009-07-31,159.7
Manhattan,Coop,2009-08-31,155.0
Manhattan,Coop,2009-09-30,150.4
Manhattan,Coop,2009-10-31,168.1
Manhattan,Coop,2009-11-30,167.0
Manhattan,Coop,2009-12-31,158.0
Manhattan,Coop,2010-01-31,159.9
Manhattan,Coop,2010-02-28,159.8
Manhattan,Coop,2010-03-31,162.9
Manhattan,Coop,2010-04-30,167.7
Manhattan,Coop,2010-05-31,154.0
Manhattan,Coop,2011-01-31,159.5
Manhattan,Coop,2011-02-28,164.5
Manhattan,Coop,2011-03-31,149.7
Manhattan,Coop,2011-04-30,169.3
Manhattan,Coop,2011-05-31,159.9
Manhattan,Coop,2011-06-30,156.4
Manhattan,Coop,2011-07-31,161.6
Manhattan,Coop,2011-08-31,163.7
Manhattan,Coop,2011-09-30,160.6
Manhattan,Coop,2011-10-31,151.7
Manhattan,Coop,2011-11-30,157.8
Manhattan,Coop,2011-12-31,166.6
Manhattan,Coop,2012-01-31,173.2
Manhattan,Coop,2012-02-29,165.7
Manhattan,Coop,2012-03-31,158.0
Manhattan,Coop,2012-04-30,170.5
Manhattan,Coop,2012-05-31,168.3
Manhattan,Coop,2012-06-30,163.2
Manhattan,Coop,2012-07-31,162.8
Manhattan,Coop,2012-08-31,158.2
Manhattan,Coop,2012-09-30,163.8
Manhattan,Coop,2012-10-31,168.4
Manhattan,Coop,2012-11-30,171.0
Manhattan,Coop,2012-12-31,172.1
Manhattan,Coop,2013-01-31,175.9
Manhattan,Coop,2013-02-28,173.3
Manhattan,Coop,2013-03-31,170.1
Manhattan,Coop,2013-04-30,171.8
Manhattan,Coop,2013-05-31,183.3
Manhattan,Coop,2013-06-30,182.0
Manhattan,Coop,2013-07-31,183.4
Manhattan,Coop,2013-08-31,177.3
Manhattan,Coop,2013-09-30,193.9
Manhattan,Coop,2013-10-31,178.5
Manhattan,Coop,2013-11-30,189.8
Manhattan,Coop,2013-12-31,190.0
Manhattan,Coop,2014-01-31,180.5
Manhattan,Coop,2014-02-28,197.5
Manhattan,Coop,2014-03-31,190.8
Manhattan,Coop,2014-04-30,191.4
Manhattan,Coop,2014-05-31,197.0
Manhattan,Coop,2014-06-30,205.7
Manhattan,Coop,2014-07-31,196.8
Manhattan,Coop,2014-08-31,198.7
Manhattan,Coop,2014-09-30,199.7
Manhattan,Coop,2014-10-31,200.8
Manhattan,Coop,2014-11-30,197.1
Manhattan,Coop,2014-12-31,200.2
Manhattan,Coop,2015-01-31,210.6
Manhattan,Coop,2015-02-28,198.7
Manhattan,Coop,2015-03-31,205.5
Manhattan,Coop,2015-04-30,202.2
Manhattan,Coop,2015-05-31,212.4
Manhattan,Coop,2015-06-30,228.2
Manhattan,Coop,2015-07-31,220.3
Manhattan,Coop,2015-08-31,218.9
Manhattan,Coop,2015-09-30,209.0
Manhattan,Coop,2015-10-31,211.7
Manhattan,Coop,2015-11-30,205.9
Manhattan,Coop,2015-12-31,211.9
Manhattan,Coop,2016-01-31,210.3
Manhattan,Coop,2016-02-29,206.7
Manhattan,Coop,2016-03-31,206.0
Manhattan,Coop,2016-04-30,214.3
Manhattan,Coop,2016-05-31,221.5
Manhattan,Coop,2016-06-30,219.9
Manhattan,Coop,2016-07-31,217.2
Manhattan,Coop,2016-08-31,230.4
Manhattan,Coop,2016-09-30,229.3
Manhattan,Coop,2016-10-31,217.6
Manhattan,Coop,2016-11-30,223.9
Manhattan,Coop,2016-12-31,222.0
Manhattan,Coop,2017-01-31,229.2
Manhattan,Coop,2017-02-28,225.5
Manhattan,Coop,2017-03-31,231.1
Manhattan,Coop,2017-04-30,227.6
Manhattan,Coop,2017-05-31,228.2
Manhattan,Coop,2017-06-30,227.1
Manhattan,Coop,2017-07-31,233.8
Manhattan,Coop,2017-08-31,224.9
Manhattan,Coop,2017-09-30,226.9
Manhattan,Coop,2017-10-31,226.4
Manhattan,Coop,2017-11-30,221.9
Manhattan,Coop,2017-12-31,224.6
Manhattan,Coop,2018-01-31,224.3
Manhattan,Coop,2018-02-28,221.6
Manhattan,Coop,2018-03-31,234.6
Manhattan,Coop,2018-04-30,220.6
Manhattan,Coop,2018-05-31,223.4
Manhattan,Coop,2018-06-30,227.0
Manhattan,Coop,2018-07-31,229.9
Manhattan,Coop,2018-08-31,238.5
Manhattan,Coop,2018-09-30,221.5
Manhattan,Coop,2018-10-31,228.3
Manhattan,Coop,2018-11-30,233.5
Manhattan,Coop,2018-12-31,220.1
Manhattan,Coop,2019-01-31,219.6
Manhattan,Coop,2019-02-28,224.3
Manhattan,Coop,2019-03-31,229.1
Manhattan,Coop,2019-04-30,224.3
Manhattan,Coop,2019-05-31,248.8
Manhattan,Coop,2019-06-30,237.1
Manhattan,Coop,2019-07-31,223.9
Manhattan,Coop,2019-08-31,210.1
Manhattan,Coop,2019-09-30,225.6
Manhattan,Coop,2019-10-31,234.5
Manhattan,Coop,2019-11-30,225.0
Manhattan,Coop,2019-12-31,217.7
Manhattan,Coop,2020-01-31,217.7
Manhattan,Coop,2020-02-29,226.2
Manhattan,Coop,2020-03-31,237.8
Manhattan,Coop,2020-04-30,229.9
Manhattan,Coop,2020-05-31,217.3
Manhattan,Coop,2020-06-30,224.5
Manhattan,Coop,2020-07-31,214.7
Manhattan,Coop,2020-08-31,208.4
Manhattan,Coop,2020-09-30,217.0
Manhattan,Coop,2020-10-31,214.0
Manhattan,Coop,2020-11-30,239.7
Manhattan,Coop,2020-12-31,217.9
Manhattan,Coop,2021-01-31,214.8
Manhattan,Coop,2021-02-28,225.2
Manhattan,Coop,2021-03-31,209.7
Manhattan,Coop,2021-04-30,213.1
Manhattan,Coop,2021-05-31,234.3
Manhattan,Coop,2021-06-30,219.3
Manhattan,Coop,2021-07-31,228.7
Manhattan,Coop,2021-08-31,221.2
Manhattan,Coop,2021-09-30,224.2
Manhattan,Coop,2021-10-31,225.2
Manhattan,Coop,2021-11-30,225.0
Manhattan,Coop,2021-12-31,226.7
Manhattan,Coop,2022-01-31,229.4
Manhattan,Coop,2022-02-28,239.2
Manhattan,Coop,2022-03-31,228.1
Manhattan,Coop,2022-04-30,241.1
Manhattan,Coop,2022-05-31,236.2
Manhattan,Coop,2022-06-30,238.4
Manhattan,Coop,2022-07-31,229.3
Manhattan,Coop,2022-08-31,242.8
Manhattan,Coop,2022-09-30,230.6
Manhattan,Coop,2022-10-31,231.7
Manhattan,Coop,2022-11-30,237.2
Manhattan,Coop,2022-12-31,229.5
Manhattan,Coop,2023-01-31,230.8
Manhattan,Coop,2023-02-28,221.0
Manhattan,Coop,2023-03-31,228.2
Manhattan,Coop,2023-04-30,226.4
Manhattan,Coop,2023-05-31,222.7
Manhattan,Coop,2023-06-30,238.0
Manhattan,Coop,2023-07-31,233.2
Manhattan,Coop,2023-08-31,231.6
Manhattan,Coop,2023-09-30,241.1
Manhattan,Coop,2023-10-31,238.3
Manhattan,Coop,2023-11-30,239.7
Manhattan,Coop,2023-12-31,237.0
Manhattan,Coop,2024-01-31,229.5
Manhattan,Coop,2024-02-29,236.9
Manhattan,Coop,2024-03-31,230.7
Manhattan,Coop,2024-04-30,232.3
Manhattan,Coop,2024-05-31,228.4
Manhattan,Coop,2024-06-30,239.9
Manhattan,Coop,2024-07-31,237.0
Manhattan,Coop,2024-08-31,234.5
Manhattan,Coop,2024-09-30,234.6
Manhattan,Coop,2024-10-31,224.4
Manhattan,Coop,2024-11-30,235.4
Manhattan,Coop,2024-12-31,245.5
Manhattan,Coop,2025-01-31,225.6
Manhattan,Coop,2025-02-28,236.6
Manhattan,Coop,2025-03-31,235.9
Manhattan,Coop,2025-04-30,242.8
Manhattan,Coop,2025-05-31,233.6
Manhattan,Coop,2025-06-30,237.0
Manhattan,Coop,2025-07-31,253.8
Manhattan,Coop,2025-08-31,247.1
Manhattan,Coop,2025-09-30,246.2
Manhattan,Coop,2025-10-31,235.5
Manhattan,Coop,2025-11-30,244.1
Manhattan,Coop,2025-12-31,243.4
Manhattan,Coop,2026-01-31,245.4
Manhattan,Coop,2026-02-28,237.9
Manhattan,Coop,2026-03-31,230.8
Manhattan,Coop,2026-04-30,221.3
Manhattan,Coop,2026-05-31,208.3
Manhattan,Coop,2026-06-30,239.5
Manhattan,Coop,2026-07-31,240.2
Manhattan,SFH,2003-01-31,100.0
Manhattan,SFH,2003-02-28,73.9
Manhattan,SFH,2003-03-31,55.0
Manhattan,SFH,2003-04-30,26.1
Manhattan,SFH,2003-05-31,26.1
Manhattan,SFH,2003-06-30,63.3
Manhattan,SFH,2003-07-31,42.8
Manhattan,SFH,2003-08-31,54.1
Manhattan,SFH,2003-09-30,37.9
Manhattan,SFH,2003-10-31,92.2
Manhattan,SFH,2003-11-30,26.1
Manhattan,SFH,2003-12-31,61.0
Manhattan,SFH,2004-01-31,41.5
Manhattan,SFH,2004-02-29,46.4
Manhattan,SFH,2004-03-31,68.1
Manhattan,SFH,2004-04-30,48.8
Manhattan,SFH,2004-05-31,40.0
Manhattan,SFH,2004-06-30,91.6
Manhattan,SFH,2004-07-31,55.1
Manhattan,SFH,2004-08-31,55.4
Manhattan,SFH,2004-09-30,71.3
Manhattan,SFH,2004-10-31,59.3
Manhattan,SFH,2004-11-30,71.9
Manhattan,SFH,2004-12-31,121.3
Manhattan,SFH,2005-01-31,69.8
Manhattan,SFH,2005-02-28,93.1
Manhattan,SFH,2005-03-31,53.0
Manhattan,SFH,2005-04-30,70.0
Manhattan,SFH,2005-05-31,61.1
Manhattan,SFH,2005-06-30,76.5
Manhattan,SFH,2005-07-31,65.6
Manhattan,SFH,2005-08-31,67.6
Manhattan,SFH,2005-09-30,43.8
Manhattan,SFH,2005-10-31,111.5
Manhattan,SFH,2005-11-30,47.1
Manhattan,SFH,2005-12-31,80.2
Manhattan,SFH,2006-01-31,72.3
Manhattan,SFH,2006-02-28,93.0
Manhattan,SFH,2006-03-31,120.5
Manhattan,SFH,2006-04-30,75.2
Manhattan,SFH,2006-05-31,73.4
Manhattan,SFH,2006-06-30,79.0
Manhattan,SFH,2006-07-31,107.6
Manhattan,SFH,2006-08-31,72.2
Manhattan,SFH,2006-09-30,166.0
Manhattan,SFH,2006-10-31,71.5
Manhattan,SFH,2006-11-30,73.3
Manhattan,SFH,2006-12-31,123.0
Manhattan,SFH,2007-01-31,82.1
Manhattan,SFH,2007-02-28,70.0
Manhattan,SFH,2007-03-31,76.0
Manhattan,SFH,2007-04-30,151.6
Manhattan,SFH,2007-05-31,91.1
Manhattan,SFH,2007-06-30,132.7
Manhattan,SFH,2007-07-31,99.2
Manhattan,SFH,2007-08-31,61.7
Manhattan,SFH,2007-09-30,71.2
Manhattan,SFH,2007-10-31,89.4
Manhattan,SFH,2007-11-30,26.1
Manhattan,SFH,2007-12-31,100.6
Manhattan,SFH,2008-01-31,64.5
Manhattan,SFH,2008-02-29,65.5
Manhattan,SFH,2008-03-31,94.7
Manhattan,SFH,2008-04-30,102.7
Manhattan,SFH,2008-05-31,98.4
Manhattan,SFH,2008-06-30,26.1
Manhattan,SFH,2008-07-31,103.6
Manhattan,SFH,2008-08-31,113.1
Manhattan,SFH,2008-09-30,80.9
Manhattan,SFH,2008-10-31,78.0
Manhattan,SFH,2008-11-30,42.4
Manhattan,SFH,2008-12-31,101.9
Manhattan,SFH,2009-01-31,115.9
Manhattan,SFH,2009-02-28,94.7
Manhattan,SFH,2009-03-31,70.9
Manhattan,SFH,2009-04-30,45.7
Manhattan,SFH,2009-05-31,90.1
Manhattan,SFH,2009-06-30,26.1
Manhattan,SFH,2009-07-31,77.2
Manhattan,SFH,2009-08-31,120.9
Manhattan,SFH,2009-09-30,68.6
Manhattan,SFH,2009-10-31,26.1
Manhattan,SFH,2009-11-30,65.8
Manhattan,SFH,2009-12-31,70.0
Manhattan,SFH,2010-01-31,79.1
Manhattan,SFH,2010-02-28,150.7
Manhattan,SFH,2010-03-31,26.1
Manhattan,SFH,2010-04-30,83.1
Manhattan,SFH,2010-05-31,95.0
Manhattan,SFH,2010-06-30,81.5
Manhattan,SFH,2010-07-31,93.6
Manhattan,SFH,2010-08-31,110.2
Manhattan,SFH,2010-09-30,86.5
Manhattan,SFH,2010-10-31,134.1
Manhattan,SFH,2010-11-30,62.5
Manhattan,SFH,2010-12-31,83.6
Manhattan,SFH,2011-01-31,44.0
Manhattan,SFH,2011-02-28,75.0
Manhattan,SFH,2011-03-31,59.6
Manhattan,SFH,2011-04-30,82.4
Manhattan,SFH,2011-05-31,67.7
Manhattan,SFH,2011-06-30,66.4
Manhattan,SFH,2011-07-31,26.1
Manhattan,SFH,2011-08-31,80.2
Manhattan,SFH,2011-09-30,75.8
Manhattan,SFH,2011-10-31,176.4
Manhattan,SFH,2011-11-30,84.1
Manhattan,SFH,2011-12-31,75.6
Manhattan,SFH,2012-01-31,68.0
Manhattan,SFH,2012-02-29,13.8
Manhattan,SFH,2012-03-31,52.8
Manhattan,SFH,2012-04-30,66.8
Manhattan,SFH,2012-05-31,144.6
Manhattan,SFH,2012-06-30,64.5
Manhattan,SFH,2012-07-31,100.8
Manhattan,SFH,2012-08-31,76.6
Manhattan,SFH,2012-09-30,26.1
Manhattan,SFH,2012-10-31,86.2
Manhattan,SFH,2012-11-30,68.1
Manhattan,SFH,2012-12-31,91.4
Manhattan,SFH,2013-01-31,108.6
Manhattan,SFH,2013-02-28,115.2
Manhattan,SFH,2013-03-31,94.6
Manhattan,SFH,2013-04-30,140.5
Manhattan,SFH,2013-05-31,91.2
Manhattan,SFH,2013-06-30,107.5
Manhattan,SFH,2013-07-31,101.9
Manhattan,SFH,2013-08-31,104.0
Manhattan,SFH,2013-09-30,95.7
Manhattan,SFH,2013-10-31,72.9
Manhattan,SFH,2013-11-30,79.3
Manhattan,SFH,2013-12-31,92.2
Manhattan,SFH,2014-01-31,82.0
Manhattan,SFH,2014-02-28,122.0
Manhattan,SFH,2014-03-31,89.7
Manhattan,SFH,2014-04-30,114.5
Manhattan,SFH,2014-05-31,79.7
Manhattan,SFH,2014-06-30,113.9
Manhattan,SFH,2014-07-31,112.1
Manhattan,SFH,2014-08-31,94.1
Manhattan,SFH,2014-09-30,113.1
Manhattan,SFH,2014-10-31,115.4
Manhattan,SFH,2014-11-30,27.5
Manhattan,SFH,2014-12-31,165.0
Manhattan,SFH,2015-01-31,118.7
Manhattan,SFH,2015-02-28,186.5
Manhattan,SFH,2015-03-31,134.4
Manhattan,SFH,2015-04-30,115.5
Manhattan,SFH,2015-05-31,110.3
Manhattan,SFH,2015-06-30,232.0
Manhattan,SFH,2015-07-31,164.4
Manhattan,SFH,2015-08-31,181.3
Manhattan,SFH,2015-09-30,26.1
Manhattan,SFH,2015-10-31,101.4
Manhattan,SFH,2015-11-30,154.6
Manhattan,SFH,2015-12-31,99.8
Manhattan,SFH,2016-01-31,67.2
Manhattan,SFH,2016-02-29,134.0
Manhattan,SFH,2016-03-31,168.2
Manhattan,SFH,2016-04-30,86.0
Manhattan,SFH,2016-05-31,106.9
Manhattan,SFH,2016-06-30,142.0
Manhattan,SFH,2016-07-31,151.3
Manhattan,SFH,2016-08-31,115.1
Manhattan,SFH,2016-09-30,93.1
Manhattan,SFH,2016-10-31,119.9
Manhattan,SFH,2016-11-30,94.3
Manhattan,SFH,2016-12-31,87.7
Manhattan,SFH,2017-01-31,144.0
Manhattan,SFH,2017-02-28,86.2
Manhattan,SFH,2017-03-31,191.1
Manhattan,SFH,2017-04-30,18.3
Manhattan,SFH,2017-05-31,122.5
Manhattan,SFH,2017-06-30,136.3
Manhattan,SFH,2017-07-31,95.9
Manhattan,SFH,2017-08-31,111.0
Manhattan,SFH,2017-09-30,148.7
Manhattan,SFH,2017-10-31,145.0
Manhattan,SFH,2017-11-30,103.3
Manhattan,SFH,2017-12-31,137.6
Manhattan,SFH,2018-01-31,167.5
Manhattan,SFH,2018-02-28,134.9
Manhattan,SFH,2018-03-31,156.3
Manhattan,SFH,2018-04-30,146.3
Manhattan,SFH,2018-05-31,54.7
Manhattan,SFH,2018-06-30,186.6
Manhattan,SFH,2018-07-31,137.0
Manhattan,SFH,2018-08-31,373.2
Manhattan,SFH,2018-09-30,90.7
Manhattan,SFH,2018-10-31,175.8
Manhattan,SFH,2018-11-30,147.7
Manhattan,SFH,2018-12-31,142.1
Manhattan,SFH,2019-01-31,116.7
Manhattan,SFH,2019-02-28,140.7
Manhattan,SFH,2019-03-31,127.5
Manhattan,SFH,2019-04-30,116.4
Manhattan,SFH,2019-05-31,142.8
Manhattan,SFH,2019-06-30,122.9
Manhattan,SFH,2019-07-31,26.1
Manhattan,SFH,2019-08-31,165.7
Manhattan,SFH,2019-09-30,90.7
Manhattan,SFH,2019-10-31,163.4
Manhattan,SFH,2019-11-30,97.3
Manhattan,SFH,2019-12-31,100.7
Manhattan,SFH,2020-01-31,109.4
Manhattan,SFH,2020-02-29,35.0
Manhattan,SFH,2020-03-31,125.0
Manhattan,SFH,2020-04-30,103.5
Manhattan,SFH,2020-05-31,127.3
Manhattan,SFH,2020-06-30,98.1
Manhattan,SFH,2020-07-31,26.1
Manhattan,SFH,2020-08-31,138.3
Manhattan,SFH,2020-09-30,130.8
Manhattan,SFH,2020-10-31,123.9
Manhattan,SFH,2020-11-30,109.5
Manhattan,SFH,2020-12-31,118.8
Manhattan,SFH,2021-01-31,234.5
Manhattan,SFH,2021-02-28,125.3
Manhattan,SFH,2021-03-31,347.2
Manhattan,SFH,2021-04-30,100.6
Manhattan,SFH,2021-05-31,90.1
Manhattan,SFH,2021-06-30,113.0
Manhattan,SFH,2021-07-31,165.1
Manhattan,SFH,2021-08-31,110.1
Manhattan,SFH,2021-09-30,153.5
Manhattan,SFH,2021-10-31,112.5
Manhattan,SFH,2021-11-30,154.2
Manhattan,SFH,2021-12-31,152.8
Manhattan,SFH,2022-01-31,133.8
Manhattan,SFH,2022-02-28,139.9
Manhattan,SFH,2022-03-31,144.0
Manhattan,SFH,2022-04-30,26.1
Manhattan,SFH,2022-05-31,177.0
Manhattan,SFH,2022-06-30,119.1
Manhattan,SFH,2022-07-31,141.5
Manhattan,SFH,2022-08-31,115.2
Manhattan,SFH,2022-09-30,131.9
Manhattan,SFH,2022-10-31,116.3
Manhattan,SFH,2022-11-30,134.8
Manhattan,SFH,2022-12-31,116.4
Manhattan,SFH,2023-01-31,110.2
Manhattan,SFH,2023-02-28,192.5
Manhattan,SFH,2023-03-31,26.1
Manhattan,SFH,2023-04-30,57.2
Manhattan,SFH,2023-05-31,112.3
Manhattan,SFH,2023-06-30,123.6
Manhattan,SFH,2023-07-31,157.3
Manhattan,SFH,2023-08-31,210.7
Manhattan,SFH,2023-09-30,134.1
Manhattan,SFH,2023-10-31,72.6
Manhattan,SFH,2023-11-30,168.4
Manhattan,SFH,2023-12-31,141.4
Manhattan,SFH,2024-01-31,113.1
Manhattan,SFH,2024-03-31,119.4
Manhattan,SFH,2024-04-30,96.2
Manhattan,SFH,2024-05-31,201.6
Manhattan,SFH,2024-06-30,114.2
Manhattan,SFH,2024-07-31,194.2
Manhattan,SFH,2024-08-31,92.3
Manhattan,SFH,2024-09-30,143.3
Manhattan,SFH,2024-10-31,121.4
Manhattan,SFH,2024-11-30,91.1
Manhattan,SFH,2024-12-31,134.9
Manhattan,SFH,2025-01-31,82.0
Manhattan,SFH,2025-02-28,193.0
Manhattan,SFH,2025-03-31,116.9
Manhattan,SFH,2025-04-30,154.6
Manhattan,SFH,2025-05-31,137.5
Manhattan,SFH,2025-06-30,166.7
Manhattan,SFH,2025-07-31,156.7
Manhattan,SFH,2025-08-31,134.1
Manhattan,SFH,2025-09-30,26.1
Manhattan,SFH,2025-10-31,96.3
Manhattan,SFH,2025-11-30,235.4
Manhattan,SFH,2025-12-31,203.0
Manhattan,SFH,2026-01-31,122.0
Manhattan,SFH,2026-02-28,150.1
Manhattan,SFH,2026-03-31,115.3
Manhattan,SFH,2026-04-30,115.4
Manhattan,SFH,2026-05-31,26.1
Manhattan,SFH,2026-06-30,100.6
Manhattan,SFH,2026-07-31,125.0
Queens,Condo,2003-01-31,100.0
Queens,Condo,2003-02-28,162.4
Queens,Condo,2003-03-31,102.1
Queens,Condo,2003-04-30,97.8
Queens,Condo,2003-05-31,101.2
Queens,Condo,2003-06-30,109.0
Queens,Condo,2003-07-31,106.6
Queens,Condo,2003-08-31,96.2
Queens,Condo,2003-09-30,103.1
Queens,Condo,2003-10-31,105.6
Queens,Condo,2003-11-30,107.2
Queens,Condo,2003-12-31,103.4
Queens,Condo,2004-01-31,109.7
Queens,Condo,2004-02-29,111.0
Queens,Condo,2004-03-31,113.4
Queens,Condo,2004-04-30,115.3
Queens,Condo,2004-05-31,113.3
Queens,Condo,2004-06-30,116.6
Queens,Condo,2004-07-31,111.2
Queens,Condo,2004-08-31,114.1
Queens,Condo,2004-09-30,116.7
Queens,Condo,2004-10-31,122.0
Queens,Condo,2004-11-30,119.5
Queens,Condo,2004-12-31,121.6
Queens,Condo,2005-01-31,126.3
Queens,Condo,2005-02-28,125.6
Queens,Condo,2005-03-31,123.7
Queens,Condo,2005-04-30,121.8
Queens,Condo,2005-05-31,129.1
Queens,Condo,2005-06-30,131.9
Queens,Condo,2005-07-31,137.5
Queens,Condo,2005-08-31,138.8
Queens,Condo,2005-09-30,130.3
Queens,Condo,2005-10-31,132.3
Queens,Condo,2005-11-30,136.8
Queens,Condo,2005-12-31,132.9
Queens,Condo,2006-01-31,142.5
Queens,Condo,2006-02-28,147.1
Queens,Condo,2006-03-31,138.9
Queens,Condo,2006-04-30,139.9
Queens,Condo,2006-05-31,139.9
Queens,Condo,2006-06-30,143.4
Queens,Condo,2006-07-31,145.4
Queens,Condo,2006-08-31,147.9
Queens,Condo,2006-09-30,152.5
Queens,Condo,2006-10-31,138.8
Queens,Condo,2006-11-30,150.2
Queens,Condo,2006-12-31,132.4
Queens,Condo,2007-01-31,133.1
Queens,Condo,2007-02-28,143.7
Queens,Condo,2007-03-31,136.9
Queens,Condo,2007-04-30,143.0
Queens,Condo,2007-05-31,147.4
Queens,Condo,2007-06-30,149.5
Queens,Condo,2007-07-31,147.5
Queens,Condo,2007-08-31,143.5
Queens,Condo,2007-09-30,152.5
Queens,Condo,2007-10-31,147.0
Queens,Condo,2007-11-30,145.1
Queens,Condo,2007-12-31,141.2
Queens,Condo,2008-01-31,143.2
Queens,Condo,2008-02-29,130.3
Queens,Condo,2008-03-31,146.9
Queens,Condo,2008-04-30,143.6
Queens,Condo,2008-05-31,148.1
Queens,Condo,2008-06-30,142.8
Queens,Condo,2008-07-31,141.9
Queens,Condo,2008-08-31,145.9
Queens,Condo,2008-09-30,148.3
Queens,Condo,2008-10-31,147.5
Queens,Condo,2008-11-30,138.3
Queens,Condo,2008-12-31,133.8
Queens,Condo,2009-01-31,132.1
Queens,Condo,2009-02-28,133.3
Queens,Condo,2009-03-31,128.1
Queens,Condo,2009-04-30,137.7
Queens,Condo,2009-05-31,135.8
Queens,Condo,2009-06-30,128.7
Queens,Condo,2009-07-31,126.4
Queens,Condo,2009-08-31,127.8
Queens,Condo,2009-09-30,135.4
Queens,Condo,2009-10-31,124.3
Queens,Condo,2009-11-30,136.0
Queens,Condo,2009-12-31,131.8
Queens,Condo,2010-01-31,139.0
Queens,Condo,2010-02-28,122.7
Queens,Condo,2010-03-31,129.9
Queens,Condo,2010-04-30,124.6
Queens,Condo,2010-05-31,124.0
Queens,Condo,2010-06-30,132.3
Queens,Condo,2010-07-31,127.3
Queens,Condo,2010-08-31,132.7
Queens,Condo,2010-09-30,126.5
Queens,Condo,2010-10-31,130.3
Queens,Condo,2010-11-30,129.2
Queens,Condo,2010-12-31,126.6
Queens,Condo,2011-01-31,130.9
Queens,Condo,2011-02-28,129.4
Queens,Condo,2011-03-31,128.0
Queens,Condo,2011-04-30,130.3
Queens,Condo,2011-05-31,129.1
Queens,Condo,2011-06-30,125.8
Queens,Condo,2011-07-31,131.2
Queens,Condo,2011-08-31,123.1
Queens,Condo,2011-09-30,132.6
Queens,Condo,2011-10-31,127.4
Queens,Condo,2011-11-30,125.0
Queens,Condo,2011-12-31,134.6
Queens,Condo,2012-01-31,129.6
Queens,Condo,2012-02-29,134.5
Queens,Condo,2012-03-31,128.4
Queens,Condo,2012-04-30,132.3
Queens,Condo,2012-05-31,128.2
Queens,Condo,2012-06-30,136.9
Queens,Condo,2012-07-31,134.5
Queens,Condo,2012-08-31,132.5
Queens,Condo,2012-09-30,147.1
Queens,Condo,2012-10-31,135.4
Queens,Condo,2012-11-30,132.5
Queens,Condo,2012-12-31,132.9
Queens,Condo,2013-01-31,140.3
Queens,Condo,2013-02-28,136.1
Queens,Condo,2013-03-31,141.5
Queens,Condo,2013-04-30,138.9
Queens,Condo,2013-05-31,142.1
Queens,Condo,2013-06-30,142.6
Queens,Condo,2013-07-31,144.4
Queens,Condo,2013-08-31,144.3
Queens,Condo,2013-09-30,143.7
Queens,Condo,2013-10-31,153.3
Queens,Condo,2013-11-30,149.4
Queens,Condo,2013-12-31,145.6
Queens,Condo,2014-01-31,148.4
Queens,Condo,2014-02-28,152.4
Queens,Condo,2014-03-31,149.9
Queens,Condo,2014-04-30,159.2
Queens,Condo,2014-05-31,156.4
Queens,Condo,2014-06-30,155.5
Queens,Condo,2014-07-31,163.5
Queens,Condo,2014-08-31,154.9
Queens,Condo,2014-09-30,156.3
Queens,Condo,2014-10-31,160.8
Queens,Condo,2014-11-30,158.2
Queens,Condo,2014-12-31,162.5
Queens,Condo,2015-01-31,165.3
Queens,Condo,2015-02-28,163.4
Queens,Condo,2015-03-31,168.8
Queens,Condo,2015-04-30,171.5
Queens,Condo,2015-05-31,165.9
Queens,Condo,2015-06-30,177.0
Queens,Condo,2015-07-31,176.5
Queens,Condo,2015-08-31,169.8
Queens,Condo,2015-09-30,174.9
Queens,Condo,2015-10-31,175.4
Queens,Condo,2015-11-30,173.9
Queens,Condo,2015-12-31,174.5
Queens,Condo,2016-01-31,181.1
Queens,Condo,2016-02-29,183.0
Queens,Condo,2016-03-31,181.1
Queens,Condo,2016-04-30,184.8
Queens,Condo,2016-05-31,180.1
Queens,Condo,2016-06-30,186.2
Queens,Condo,2016-07-31,188.8
Queens,Condo,2016-08-31,189.9
Queens,Condo,2016-09-30,187.8
Queens,Condo,2016-10-31,181.3
Queens,Condo,2016-11-30,191.0
Queens,Condo,2016-12-31,193.1
Queens,Condo,2017-01-31,190.2
Queens,Condo,2017-02-28,199.8
Queens,Condo,2017-03-31,190.6
Queens,Condo,2017-04-30,206.4
Queens,Condo,2017-05-31,192.0
Queens,Condo,2017-06-30,195.8
Queens,Condo,2017-07-31,198.9
Queens,Condo,2017-08-31,201.9
Queens,Condo,2017-09-30,204.2
Queens,Condo,2017-10-31,201.3
Queens,Condo,2017-11-30,198.9
Queens,Condo,2017-12-31,201.7
Queens,Condo,2018-01-31,199.8
Queens,Condo,2018-02-28,204.2
Queens,Condo,2018-03-31,199.2
Queens,Condo,2018-04-30,210.0
Queens,Condo,2018-05-31,206.5
Queens,Condo,2018-06-30,204.5
Queens,Condo,2018-07-31,208.4
Queens,Condo,2018-08-31,202.5
Queens,Condo,2018-09-30,200.4
Queens,Condo,2018-10-31,205.4
Queens,Condo,2018-11-30,215.5
Queens,Condo,2018-12-31,205.7
Queens,Condo,2019-01-31,207.2
Queens,Condo,2019-02-28,191.3
Queens,Condo,2019-03-31,188.3
Queens,Condo,2019-04-30,195.5
Queens,Condo,2019-05-31,203.3
Queens,Condo,2019-06-30,204.6
Queens,Condo,2019-07-31,211.5
Queens,Condo,2019-08-31,210.9
Queens,Condo,2019-09-30,207.7
Queens,Condo,2019-10-31,205.3
Queens,Condo,2019-11-30,199.4
Queens,Condo,2019-12-31,198.4
Queens,Condo,2020-01-31,202.0
Queens,Condo,2020-02-29,212.2
Queens,Condo,2020-03-31,209.0
Queens,Condo,2020-04-30,201.1
Queens,Condo,2020-05-31,201.0
Queens,Condo,2020-06-30,208.4
Queens,Condo,2020-07-31,195.1
Queens,Condo,2020-08-31,210.9
Queens,Condo,2020-09-30,216.3
Queens,Condo,2020-10-31,196.3
Queens,Condo,2020-11-30,207.7
Queens,Condo,2020-12-31,197.4
Queens,Condo,2021-01-31,191.0
Queens,Condo,2021-02-28,199.5
Queens,Condo,2021-03-31,195.5
Queens,Condo,2021-04-30,207.4
Queens,Condo,2021-05-31,196.2
Queens,Condo,2021-06-30,204.6
Queens,Condo,2021-07-31,201.8
Queens,Condo,2021-08-31,205.5
Queens,Condo,2021-09-30,203.8
Queens,Condo,2021-10-31,201.7
Queens,Condo,2021-11-30,209.8
Queens,Condo,2021-12-31,201.4
Queens,Condo,2022-01-31,206.4
Queens,Condo,2022-02-28,208.5
Queens,Condo,2022-03-31,200.7
Queens,Condo,2022-04-30,217.5
Queens,Condo,2022-05-31,207.4
Queens,Condo,2022-06-30,215.7
Queens,Condo,2022-07-31,216.1
Queens,Condo,2022-08-31,212.4
Queens,Condo,2022-09-30,212.8
Queens,Condo,2022-10-31,213.9
Queens,Condo,2022-11-30,217.2
Queens,Condo,2022-12-31,218.8
Queens,Condo,2023-01-31,196.0
Queens,Condo,2023-02-28,208.1
Queens,Condo,2023-03-31,199.6
Queens,Condo,2023-04-30,219.3
Queens,Condo,2023-05-31,216.2
Queens,Condo,2023-06-30,213.0
Queens,Condo,2023-07-31,214.3
Queens,Condo,2023-08-31,210.4
Queens,Condo,2023-09-30,202.7
Queens,Condo,2023-10-31,205.0
Queens,Condo,2023-11-30,221.9
Queens,Condo,2023-12-31,213.3
Queens,Condo,2024-01-31,211.5
Queens,Condo,2024-02-29,215.9
Queens,Condo,2024-03-31,206.5
Queens,Condo,2024-04-30,206.5
Queens,Condo,2024-05-31,209.5
Queens,Condo,2024-06-30,211.3
Queens,Condo,2024-07-31,220.8
Queens,Condo,2024-08-31,217.6
Queens,Condo,2024-09-30,215.2
Queens,Condo,2024-10-31,213.9
Queens,Condo,2024-11-30,218.3
Queens,Condo,2024-12-31,212.7
Queens,Condo,2025-01-31,215.2
Queens,Condo,2025-02-28,207.8
Queens,Condo,2025-03-31,212.4
Queens,Condo,2025-04-30,224.3
Queens,Condo,2025-05-31,217.5
Queens,Condo,2025-06-30,215.7
Queens,Condo,2025-07-31,203.4
Queens,Condo,2025-08-31,215.6
Queens,Condo,2025-09-30,213.1
Queens,Condo,2025-10-31,214.7
Queens,Condo,2025-11-30,224.1
Queens,Condo,2025-12-31,214.7
Queens,Condo,2026-01-31,219.4
Queens,Condo,2026-02-28,223.2
Queens,Condo,2026-03-31,218.9
Queens,Condo,2026-04-30,230.6
Queens,Condo,2026-05-31,222.3
Queens,Condo,2026-06-30,221.4
Queens,Condo,2026-07-31,215.9
Queens,Coop,2003-03-31,100.0
Queens,Coop,2003-04-30,73.7
Queens,Coop,2003-05-31,62.9
Queens,Coop,2003-06-30,148.3
Queens,Coop,2003-07-31,148.3
Queens,Coop,2003-10-31,148.3
Queens,Coop,2003-11-30,148.3
Queens,Coop,2004-01-31,97.5
Queens,Coop,2004-05-31,225.6
Queens,Coop,2004-06-30,140.6
Queens,Coop,2004-07-31,128.4
Queens,Coop,2004-08-31,137.1
Queens,Coop,2004-09-30,127.8
Queens,Coop,2004-10-31,125.8
Queens,Coop,2004-11-30,138.4
Queens,Coop,2004-12-31,141.0
Queens,Coop,2005-01-31,132.5
Queens,Coop,2005-02-28,116.5
Queens,Coop,2005-03-31,158.5
Queens,Coop,2005-04-30,126.2
Queens,Coop,2005-05-31,142.4
Queens,Coop,2005-06-30,134.3
Queens,Coop,2005-07-31,148.3
Queens,Coop,2005-08-31,158.7
Queens,Coop,2005-09-30,148.9
Queens,Coop,2005-10-31,170.9
Queens,Coop,2005-11-30,154.8
Queens,Coop,2005-12-31,159.5
Queens,Coop,2006-01-31,151.9
Queens,Coop,2006-02-28,169.9
Queens,Coop,2006-03-31,168.0
Queens,Coop,2006-04-30,159.0
Queens,Coop,2006-05-31,146.7
Queens,Coop,2006-06-30,163.3
Queens,Coop,2006-07-31,159.1
Queens,Coop,2006-08-31,150.6
Queens,Coop,2006-09-30,153.8
Queens,Coop,2006-10-31,153.9
Queens,Coop,2006-11-30,158.9
Queens,Coop,2006-12-31,158.7
Queens,Coop,2007-01-31,152.0
Queens,Coop,2007-02-28,142.2
Queens,Coop,2007-03-31,153.8
Queens,Coop,2007-04-30,153.4
Queens,Coop,2007-05-31,161.7
Queens,Coop,2007-06-30,159.3
Queens,Coop,2007-07-31,156.0
Queens,Coop,2007-08-31,157.5
Queens,Coop,2007-09-30,150.2
Queens,Coop,2007-10-31,144.4
Queens,Coop,2007-11-30,159.2
Queens,Coop,2007-12-31,161.6
Queens,Coop,2008-01-31,171.4
Queens,Coop,2008-02-29,144.2
Queens,Coop,2008-03-31,160.0
Queens,Coop,2008-04-30,147.5
Queens,Coop,2008-05-31,156.2
Queens,Coop,2008-06-30,169.7
Queens,Coop,2008-07-31,149.1
Queens,Coop,2008-08-31,156.1
Queens,Coop,2008-09-30,164.4
Queens,Coop,2008-10-31,158.5
Queens,Coop,2008-11-30,144.1
Queens,Coop,2008-12-31,161.4
Queens,Coop,2009-01-31,152.5
Queens,Coop,2009-02-28,148.3
Queens,Coop,2009-03-31,147.6
Queens,Coop,2009-04-30,145.7
Queens,Coop,2009-05-31,180.0
Queens,Coop,2009-06-30,179.0
Queens,Coop,2009-07-31,137.2
Queens,Coop,2009-08-31,152.0
Queens,Coop,2009-09-30,154.2
Queens,Coop,2009-10-31,155.0
Queens,Coop,2009-11-30,156.9
Queens,Coop,2009-12-31,251.9
Queens,Coop,2010-01-31,151.6
Queens,Coop,2010-02-28,147.4
Queens,Coop,2010-03-31,165.1
Queens,Coop,2010-04-30,140.4
Queens,Coop,2010-05-31,143.0
Queens,Coop,2011-01-31,148.3
Queens,Coop,2011-02-28,133.3
Queens,Coop,2011-03-31,134.6
Queens,Coop,2011-04-30,140.0
Queens,Coop,2011-05-31,153.0
Queens,Coop,2011-06-30,156.2
Queens,Coop,2011-07-31,173.2
Queens,Coop,2011-08-31,139.6
Queens,Coop,2011-09-30,142.9
Queens,Coop,2011-10-31,151.6
Queens,Coop,2011-11-30,148.5
Queens,Coop,2011-12-31,154.0
Queens,Coop,2012-01-31,270.0
Queens,Coop,2012-02-29,163.1
Queens,Coop,2012-03-31,137.2
Queens,Coop,2012-04-30,142.3
Queens,Coop,2012-05-31,159.8
Queens,Coop,2012-06-30,141.0
Queens,Coop,2012-07-31,184.0
Queens,Coop,2012-08-31,149.5
Queens,Coop,2012-09-30,139.2
Queens,Coop,2012-10-31,150.0
Queens,Coop,2012-11-30,137.8
Queens,Coop,2012-12-31,135.6
Queens,Coop,2013-01-31,144.3
Queens,Coop,2013-02-28,130.8
Queens,Coop,2013-03-31,138.1
Queens,Coop,2013-04-30,146.3
Queens,Coop,2013-05-31,157.9
Queens,Coop,2013-06-30,155.3
Queens,Coop,2013-07-31,156.9
Queens,Coop,2013-08-31,148.3
Queens,Coop,2013-09-30,154.6
Queens,Coop,2013-10-31,137.9
Queens,Coop,2013-11-30,143.3
Queens,Coop,2013-12-31,153.5
Queens,Coop,2014-01-31,166.8
Queens,Coop,2014-02-28,152.6
Queens,Coop,2014-03-31,153.8
Queens,Coop,2014-04-30,151.0
Queens,Coop,2014-05-31,155.1
Queens,Coop,2014-06-30,148.6
Queens,Coop,2014-07-31,152.4
Queens,Coop,2014-08-31,157.7
Queens,Coop,2014-09-30,131.1
Queens,Coop,2014-10-31,165.3
Queens,Coop,2014-11-30,167.4
Queens,Coop,2014-12-31,154.4
Queens,Coop,2015-01-31,152.5
Queens,Coop,2015-02-28,156.3
Queens,Coop,2015-03-31,169.7
Queens,Coop,2015-04-30,145.7
Queens,Coop,2015-05-31,163.7
Queens,Coop,2015-06-30,167.5
Queens,Coop,2015-07-31,175.7
Queens,Coop,2015-08-31,167.6
Queens,Coop,2015-09-30,179.3
Queens,Coop,2015-10-31,168.3
Queens,Coop,2015-11-30,164.9
Queens,Coop,2015-12-31,174.1
Queens,Coop,2016-01-31,168.7
Queens,Coop,2016-02-29,168.9
Queens,Coop,2016-03-31,174.4
Queens,Coop,2016-04-30,192.1
Queens,Coop,2016-05-31,190.8
Queens,Coop,2016-06-30,185.9
Queens,Coop,2016-07-31,177.8
Queens,Coop,2016-08-31,185.9
Queens,Coop,2016-09-30,180.8
Queens,Coop,2016-10-31,174.3
Queens,Coop,2016-11-30,184.2
Queens,Coop,2016-12-31,187.1
Queens,Coop,2017-01-31,180.6
Queens,Coop,2017-02-28,181.4
Queens,Coop,2017-03-31,188.6
Queens,Coop,2017-04-30,178.1
Queens,Coop,2017-05-31,190.2
Queens,Coop,2017-06-30,187.0
Queens,Coop,2017-07-31,189.2
Queens,Coop,2017-08-31,196.1
Queens,Coop,2017-09-30,199.2
Queens,Coop,2017-10-31,194.9
Queens,Coop,2017-11-30,194.8
Queens,Coop,2017-12-31,185.0
Queens,Coop,2018-01-31,203.6
Queens,Coop,2018-02-28,193.2
Queens,Coop,2018-03-31,200.9
Queens,Coop,2018-04-30,204.5
Queens,Coop,2018-05-31,205.5
Queens,Coop,2018-06-30,198.2
Queens,Coop,2018-07-31,206.3
Queens,Coop,2018-08-31,218.8
Queens,Coop,2018-09-30,220.3
Queens,Coop,2018-10-31,194.5
Queens,Coop,2018-11-30,215.8
Queens,Coop,2018-12-31,200.9
Queens,Coop,2019-01-31,207.5
Queens,Coop,2019-02-28,215.6
Queens,Coop,2019-03-31,212.3
Queens,Coop,2019-04-30,226.7
Queens,Coop,2019-05-31,218.2
Queens,Coop,2019-06-30,194.4
Queens,Coop,2019-07-31,214.7
Queens,Coop,2019-08-31,199.8
Queens,Coop,2019-09-30,205.7
Queens,Coop,2019-10-31,209.9
Queens,Coop,2019-11-30,201.3
Queens,Coop,2019-12-31,205.8
Queens,Coop,2020-01-31,226.8
Queens,Coop,2020-02-29,210.8
Queens,Coop,2020-03-31,217.3
Queens,Coop,2020-04-30,212.2
Queens,Coop,2020-05-31,206.9
Queens,Coop,2020-06-30,212.5
Queens,Coop,2020-07-31,199.2
Queens,Coop,2020-08-31,220.1
Queens,Coop,2020-09-30,207.7
Queens,Coop,2020-10-31,216.8
Queens,Coop,2020-11-30,222.0
Queens,Coop,2020-12-31,221.2
Queens,Coop,2021-01-31,203.6
Queens,Coop,2021-02-28,205.3
Queens,Coop,2021-03-31,219.5
Queens,Coop,2021-04-30,213.8
Queens,Coop,2021-05-31,207.8
Queens,Coop,2021-06-30,215.1
Queens,Coop,2021-07-31,219.3
Queens,Coop,2021-08-31,230.0
Queens,Coop,2021-09-30,214.2
Queens,Coop,2021-10-31,220.0
Queens,Coop,2021-11-30,213.2
Queens,Coop,2021-12-31,220.9
Queens,Coop,2022-01-31,220.6
Queens,Coop,2022-02-28,204.6
Queens,Coop,2022-03-31,213.5
Queens,Coop,2022-04-30,217.9
Queens,Coop,2022-05-31,229.9
Queens,Coop,2022-06-30,228.3
Queens,Coop,2022-07-31,213.8
Queens,Coop,2022-08-31,226.7
Queens,Coop,2022-09-30,231.4
Queens,Coop,2022-10-31,225.2
Queens,Coop,2022-11-30,220.7
Queens,Coop,2022-12-31,227.1
Queens,Coop,2023-01-31,217.4
Queens,Coop,2023-02-28,235.0
Queens,Coop,2023-03-31,210.6
Queens,Coop,2023-04-30,219.4
Queens,Coop,2023-05-31,304.2
Queens,Coop,2023-06-30,215.0
Queens,Coop,2023-07-31,223.3
Queens,Coop,2023-08-31,229.5
Queens,Coop,2023-09-30,238.7
Queens,Coop,2023-10-31,226.1
Queens,Coop,2023-11-30,234.4
Queens,Coop,2023-12-31,226.2
Queens,Coop,2024-01-31,220.9
Queens,Coop,2024-02-29,241.3
Queens,Coop,2024-03-31,224.0
Queens,Coop,2024-04-30,230.0
Queens,Coop,2024-05-31,231.7
Queens,Coop,2024-06-30,214.6
Queens,Coop,2024-07-31,228.7
Queens,Coop,2024-08-31,230.7
Queens,Coop,2024-09-30,221.8
Queens,Coop,2024-10-31,234.2
Queens,Coop,2024-11-30,231.2
Queens,Coop,2024-12-31,224.6
Queens,Coop,2025-01-31,231.1
Queens,Coop,2025-02-28,241.7
Queens,Coop,2025-03-31,215.4
Queens,Coop,2025-04-30,237.8
Queens,Coop,2025-05-31,224.1
Queens,Coop,2025-06-30,236.1
Queens,Coop,2025-07-31,227.2
Queens,Coop,2025-08-31,228.0
Queens,Coop,2025-09-30,230.8
Queens,Coop,2025-10-31,206.7
Queens,Coop,2025-11-30,241.0
Queens,Coop,2025-12-31,244.1
Queens,Coop,2026-01-31,225.4
Queens,Coop,2026-02-28,248.9
Queens,Coop,2026-03-31,239.0
Queens,Coop,2026-04-30,233.9
Queens,Coop,2026-05-31,239.8
Queens,Coop,2026-06-30,215.7
Queens,Coop,2026-07-31,251.5
Queens,SFH,2003-01-31,100.0
Queens,SFH,2003-02-28,104.5
Queens,SFH,2003-03-31,105.9
Queens,SFH,2003-04-30,104.3
Queens,SFH,2003-05-31,108.6
Queens,SFH,2003-06-30,106.2
Queens,SFH,2003-07-31,108.8
Queens,SFH,2003-08-31,108.9
Queens,SFH,2003-09-30,111.0
Queens,SFH,2003-10-31,112.9
Queens,SFH,2003-11-30,112.9
Queens,SFH,2003-12-31,114.3
Queens,SFH,2004-01-31,113.8
Queens,SFH,2004-02-29,115.7
Queens,SFH,2004-03-31,114.9
Queens,SFH,2004-04-30,117.9
Queens,SFH,2004-05-31,118.1
Queens,SFH,2004-06-30,121.4
Queens,SFH,2004-07-31,120.9
Queens,SFH,2004-08-31,124.4
Queens,SFH,2004-09-30,125.7
Queens,SFH,2004-10-31,126.3
Queens,SFH,2004-11-30,129.5
Queens,SFH,2004-12-31,130.8
Queens,SFH,2005-01-31,133.5
Queens,SFH,2005-02-28,134.9
Queens,SFH,2005-03-31,135.7
Queens,SFH,2005-04-30,137.5
Queens,SFH,2005-05-31,137.9
Queens,SFH,2005-06-30,141.5
Queens,SFH,2005-07-31,144.0
Queens,SFH,2005-08-31,145.2
Queens,SFH,2005-09-30,147.2
Queens,SFH,2005-10-31,147.8
Queens,SFH,2005-11-30,150.2
Queens,SFH,2005-12-31,152.7
Queens,SFH,2006-01-31,152.7
Queens,SFH,2006-02-28,155.7
Queens,SFH,2006-03-31,157.1
Queens,SFH,2006-04-30,158.9
Queens,SFH,2006-05-31,158.4
Queens,SFH,2006-06-30,155.7
Queens,SFH,2006-07-31,161.1
Queens,SFH,2006-08-31,163.6
Queens,SFH,2006-09-30,165.0
Queens,SFH,2006-10-31,163.3
Queens,SFH,2006-11-30,166.5
Queens,SFH,2006-12-31,166.4
Queens,SFH,2007-01-31,161.7
Queens,SFH,2007-02-28,163.7
Queens,SFH,2007-03-31,160.2
Queens,SFH,2007-04-30,163.1
Queens,SFH,2007-05-31,159.6
Queens,SFH,2007-06-30,162.7
Queens,SFH,2007-07-31,161.0
Queens,SFH,2007-08-31,159.7
Queens,SFH,2007-09-30,155.5
Queens,SFH,2007-10-31,156.9
Queens,SFH,2007-11-30,157.9
Queens,SFH,2007-12-31,161.3
Queens,SFH,2008-01-31,157.2
Queens,SFH,2008-02-29,152.5
Queens,SFH,2008-03-31,154.0
Queens,SFH,2008-04-30,151.4
Queens,SFH,2008-05-31,150.8
Queens,SFH,2008-06-30,150.2
Queens,SFH,2008-07-31,146.2
Queens,SFH,2008-08-31,150.3
Queens,SFH,2008-09-30,146.3
Queens,SFH,2008-10-31,145.4
Queens,SFH,2008-11-30,145.0
Queens,SFH,2008-12-31,145.3
Queens,SFH,2009-01-31,141.9
Queens,SFH,2009-02-28,142.3
Queens,SFH,2009-03-31,135.1
Queens,SFH,2009-04-30,139.5
Queens,SFH,2009-05-31,140.4
Queens,SFH,2009-06-30,136.9
Queens,SFH,2009-07-31,143.8
Queens,SFH,2009-08-31,140.8
Queens,SFH,2009-09-30,142.3
Queens,SFH,2009-10-31,141.4
Queens,SFH,2009-11-30,138.3
Queens,SFH,2009-12-31,139.8
Queens,SFH,2010-01-31,137.2
Queens,SFH,2010-02-28,140.0
Queens,SFH,2010-03-31,137.5
Queens,SFH,2010-04-30,138.6
Queens,SFH,2010-05-31,137.1
Queens,SFH,2010-06-30,134.1
Queens,SFH,2010-07-31,144.1
Queens,SFH,2010-08-31,135.3
Queens,SFH,2010-09-30,134.2
Queens,SFH,2010-10-31,131.8
Queens,SFH,2010-11-30,132.9
Queens,SFH,2010-12-31,130.7
Queens,SFH,2011-01-31,133.4
Queens,SFH,2011-02-28,128.2
Queens,SFH,2011-03-31,130.0
Queens,SFH,2011-04-30,131.9
Queens,SFH,2011-05-31,131.4
Queens,SFH,2011-06-30,131.5
Queens,SFH,2011-07-31,135.3
Queens,SFH,2011-08-31,135.9
Queens,SFH,2011-09-30,136.4
Queens,SFH,2011-10-31,130.8
Queens,SFH,2011-11-30,120.7
Queens,SFH,2011-12-31,133.5
Queens,SFH,2012-01-31,123.0
Queens,SFH,2012-02-29,132.9
Queens,SFH,2012-03-31,132.1
Queens,SFH,2012-04-30,129.2
Queens,SFH,2012-05-31,135.4
Queens,SFH,2012-06-30,138.9
Queens,SFH,2012-07-31,135.9
Queens,SFH,2012-08-31,132.6
Queens,SFH,2012-09-30,138.1
Queens,SFH,2012-10-31,136.8
Queens,SFH,2012-11-30,132.1
Queens,SFH,2012-12-31,131.0
Queens,SFH,2013-01-31,135.1
Queens,SFH,2013-02-28,136.6
Queens,SFH,2013-03-31,137.6
Queens,SFH,2013-04-30,142.6
Queens,SFH,2013-05-31,139.2
Queens,SFH,2013-06-30,141.4
Queens,SFH,2013-07-31,144.6
Queens,SFH,2013-08-31,143.2
Queens,SFH,2013-09-30,143.8
Queens,SFH,2013-10-31,148.3
Queens,SFH,2013-11-30,146.4
Queens,SFH,2013-12-31,149.2
Queens,SFH,2014-01-31,146.1
Queens,SFH,2014-02-28,151.8
Queens,SFH,2014-03-31,150.9
Queens,SFH,2014-04-30,142.7
Queens,SFH,2014-05-31,145.3
Queens,SFH,2014-06-30,148.5
Queens,SFH,2014-07-31,155.2
Queens,SFH,2014-08-31,150.1
Queens,SFH,2014-09-30,154.3
Queens,SFH,2014-10-31,161.9
Queens,SFH,2014-11-30,152.0
Queens,SFH,2014-12-31,161.2
Queens,SFH,2015-01-31,159.8
Queens,SFH,2015-02-28,150.7
Queens,SFH,2015-03-31,156.2
Queens,SFH,2015-04-30,151.4
Queens,SFH,2015-05-31,155.8
Queens,SFH,2015-06-30,160.4
Queens,SFH,2015-07-31,166.0
Queens,SFH,2015-08-31,159.6
Queens,SFH,2015-09-30,160.4
Queens,SFH,2015-10-31,164.5
Queens,SFH,2015-11-30,164.9
Queens,SFH,2015-12-31,159.7
Queens,SFH,2016-01-31,173.4
Queens,SFH,2016-02-29,166.7
Queens,SFH,2016-03-31,166.8
Queens,SFH,2016-04-30,163.8
Queens,SFH,2016-05-31,168.7
Queens,SFH,2016-06-30,170.3
Queens,SFH,2016-07-31,172.7
Queens,SFH,2016-08-31,177.3
Queens,SFH,2016-09-30,177.0
Queens,SFH,2016-10-31,174.5
Queens,SFH,2016-11-30,180.8
Queens,SFH,2016-12-31,174.7
Queens,SFH,2017-01-31,175.5
Queens,SFH,2017-02-28,184.1
Queens,SFH,2017-03-31,183.1
Queens,SFH,2017-04-30,176.1
Queens,SFH,2017-05-31,178.7
Queens,SFH,2017-06-30,183.0
Queens,SFH,2017-07-31,185.3
Queens,SFH,2017-08-31,182.8
Queens,SFH,2017-09-30,183.2
Queens,SFH,2017-10-31,192.6
Queens,SFH,2017-11-30,182.3
Queens,SFH,2017-12-31,194.7
Queens,SFH,2018-01-31,197.2
Queens,SFH,2018-02-28,184.8
Queens,SFH,2018-03-31,187.6
Queens,SFH,2018-04-30,188.7
Queens,SFH,2018-05-31,191.1
Queens,SFH,2018-06-30,194.4
Queens,SFH,2018-07-31,192.2
Queens,SFH,2018-08-31,200.5
Queens,SFH,2018-09-30,199.2
Queens,SFH,2018-10-31,193.5
Queens,SFH,2018-11-30,195.7
Queens,SFH,2018-12-31,199.9
Queens,SFH,2019-01-31,196.3
Queens,SFH,2019-02-28,201.1
Queens,SFH,2019-03-31,196.5
Queens,SFH,2019-04-30,199.6
Queens,SFH,2019-05-31,200.4
Queens,SFH,2019-06-30,196.3
Queens,SFH,2019-07-31,205.4
Queens,SFH,2019-08-31,204.6
Queens,SFH,2019-09-30,205.5
Queens,SFH,2019-10-31,203.5
Queens,SFH,2019-11-30,209.8
Queens,SFH,2019-12-31,208.3
Queens,SFH,2020-01-31,205.7
Queens,SFH,2020-02-29,212.0
Queens,SFH,2020-03-31,207.5
Queens,SFH,2020-04-30,221.1
Queens,SFH,2020-05-31,200.3
Queens,SFH,2020-06-30,221.7
Queens,SFH,2020-07-31,213.9
Queens,SFH,2020-08-31,214.6
Queens,SFH,2020-09-30,217.3
Queens,SFH,2020-10-31,224.5
Queens,SFH,2020-11-30,211.8
Queens,SFH,2020-12-31,223.4
Queens,SFH,2021-01-31,224.7
Queens,SFH,2021-02-28,213.7
Queens,SFH,2021-03-31,232.6
Queens,SFH,2021-04-30,218.3
Queens,SFH,2021-05-31,234.0
Queens,SFH,2021-06-30,219.1
Queens,SFH,2021-07-31,233.0
Queens,SFH,2021-08-31,232.3
Queens,SFH,2021-09-30,242.9
Queens,SFH,2021-10-31,235.0
Queens,SFH,2021-11-30,237.2
Queens,SFH,2021-12-31,237.1
Queens,SFH,2022-01-31,235.0
Queens,SFH,2022-02-28,231.4
Queens,SFH,2022-03-31,243.5
Queens,SFH,2022-04-30,246.4
Queens,SFH,2022-05-31,247.1
Queens,SFH,2022-06-30,242.0
Queens,SFH,2022-07-31,247.4
Queens,SFH,2022-08-31,248.1
Queens,SFH,2022-09-30,252.8
Queens,SFH,2022-10-31,247.4
Queens,SFH,2022-11-30,242.6
Queens,SFH,2022-12-31,239.4
Queens,SFH,2023-01-31,242.6
Queens,SFH,2023-02-28,250.7
Queens,SFH,2023-03-31,242.3
Queens,SFH,2023-04-30,245.5
Queens,SFH,2023-05-31,236.2
Queens,SFH,2023-06-30,247.7
Queens,SFH,2023-07-31,245.2
Queens,SFH,2023-08-31,251.7
Queens,SFH,2023-09-30,251.3
Queens,SFH,2023-10-31,228.0
Queens,SFH,2023-11-30,256.8
Queens,SFH,2023-12-31,253.0
Queens,SFH,2024-01-31,242.4
Queens,SFH,2024-02-29,258.6
Queens,SFH,2024-03-31,257.2
Queens,SFH,2024-04-30,245.9
Queens,SFH,2024-05-31,251.9
Queens,SFH,2024-06-30,255.6
Queens,SFH,2024-07-31,255.4
Queens,SFH,2024-08-31,261.3
Queens,SFH,2024-09-30,252.2
Queens,SFH,2024-10-31,260.2
Queens,SFH,2024-11-30,264.1
Queens,SFH,2024-12-31,265.1
Queens,SFH,2025-01-31,255.5
Queens,SFH,2025-02-28,272.2
Queens,SFH,2025-03-31,249.5
Queens,SFH,2025-04-30,279.8
Queens,SFH,2025-05-31,286.1
Queens,SFH,2025-06-30,270.0
Queens,SFH,2025-07-31,275.2
Queens,SFH,2025-08-31,289.2
Queens,SFH,2025-09-30,281.5
Queens,SFH,2025-10-31,277.3
Queens,SFH,2025-11-30,271.9
Queens,SFH,2025-12-31,274.7
Queens,SFH,2026-01-31,272.6
Queens,SFH,2026-02-28,294.4
Queens,SFH,2026-03-31,278.0
Queens,SFH,2026-04-30,279.1
Queens,SFH,2026-05-31,270.2
Queens,SFH,2026-06-30,287.2
Queens,SFH,2026-07-31,283.1
Staten Island,Condo,2003-01-31,100.0
Staten Island,Condo,2003-02-28,131.9
Staten Island,Condo,2003-05-31,77.3
Staten Island,Condo,2003-06-30,84.3
Staten Island,Condo,2003-07-31,108.3
Staten Island,Condo,2003-08-31,161.5
Staten Island,Condo,2003-09-30,102.0
Staten Island,Condo,2003-10-31,71.3
Staten Island,Condo,2003-11-30,108.7
Staten Island,Condo,2003-12-31,103.6
Staten Island,Condo,2004-02-29,127.1
Staten Island,Condo,2004-03-31,105.8
Staten Island,Condo,2004-04-30,145.4
Staten Island,Condo,2004-05-31,93.3
Staten Island,Condo,2004-06-30,106.5
Staten Island,Condo,2004-07-31,122.5
Staten Island,Condo,2004-08-31,161.5
Staten Island,Condo,2004-09-30,234.0
Staten Island,Condo,2004-10-31,116.2
Staten Island,Condo,2004-11-30,108.9
Staten Island,Condo,2004-12-31,143.1
Staten Island,Condo,2005-01-31,121.6
Staten Island,Condo,2005-02-28,100.3
Staten Island,Condo,2005-03-31,126.9
Staten Island,Condo,2005-04-30,161.5
Staten Island,Condo,2005-05-31,129.6
Staten Island,Condo,2005-06-30,113.7
Staten Island,Condo,2005-07-31,128.1
Staten Island,Condo,2005-08-31,127.0
Staten Island,Condo,2005-09-30,135.9
Staten Island,Condo,2005-10-31,130.0
Staten Island,Condo,2005-11-30,129.0
Staten Island,Condo,2005-12-31,135.8
Staten Island,Condo,2006-01-31,128.3
Staten Island,Condo,2006-02-28,95.1
Staten Island,Condo,2006-03-31,113.5
Staten Island,Condo,2006-04-30,120.8
Staten Island,Condo,2006-05-31,178.7
Staten Island,Condo,2006-06-30,98.9
Staten Island,Condo,2006-07-31,134.6
Staten Island,Condo,2006-08-31,161.5
Staten Island,Condo,2006-09-30,139.6
Staten Island,Condo,2006-10-31,118.7
Staten Island,Condo,2006-11-30,120.8
Staten Island,Condo,2006-12-31,139.0
Staten Island,Condo,2007-01-31,117.9
Staten Island,Condo,2007-02-28,122.8
Staten Island,Condo,2007-03-31,102.8
Staten Island,Condo,2007-04-30,134.1
Staten Island,Condo,2007-05-31,132.7
Staten Island,Condo,2007-06-30,159.0
Staten Island,Condo,2007-07-31,106.3
Staten Island,Condo,2007-08-31,123.1
Staten Island,Condo,2007-09-30,145.1
Staten Island,Condo,2007-10-31,140.8
Staten Island,Condo,2007-11-30,131.9
Staten Island,Condo,2007-12-31,120.5
Staten Island,Condo,2008-01-31,145.1
Staten Island,Condo,2008-02-29,124.2
Staten Island,Condo,2008-03-31,126.8
Staten Island,Condo,2008-04-30,99.1
Staten Island,Condo,2008-05-31,125.2
Staten Island,Condo,2008-06-30,140.9
Staten Island,Condo,2008-07-31,123.9
Staten Island,Condo,2008-08-31,127.4
Staten Island,Condo,2008-09-30,95.8
Staten Island,Condo,2008-10-31,161.5
Staten Island,Condo,2008-11-30,125.2
Staten Island,Condo,2008-12-31,141.4
Staten Island,Condo,2009-01-31,161.5
Staten Island,Condo,2009-03-31,132.4
Staten Island,Condo,2009-04-30,103.8
Staten Island,Condo,2009-06-30,116.3
Staten Island,Condo,2009-08-31,92.9
Staten Island,Condo,2009-09-30,108.4
Staten Island,Condo,2009-10-31,124.4
Staten Island,Condo,2009-12-31,132.6
Staten Island,Condo,2010-01-31,135.2
Staten Island,Condo,2010-02-28,161.5
Staten Island,Condo,2010-03-31,115.8
Staten Island,Condo,2010-04-30,161.5
Staten Island,Condo,2010-05-31,114.5
Staten Island,Condo,2010-06-30,119.7
Staten Island,Condo,2010-07-31,161.5
Staten Island,Condo,2010-08-31,127.9
Staten Island,Condo,2010-09-30,88.6
Staten Island,Condo,2010-11-30,122.2
Staten Island,Condo,2010-12-31,161.5
Staten Island,Condo,2011-01-31,124.8
Staten Island,Condo,2011-02-28,109.9
Staten Island,Condo,2011-03-31,161.5
Staten Island,Condo,2011-04-30,161.5
Staten Island,Condo,2011-05-31,161.5
Staten Island,Condo,2011-06-30,106.1
Staten Island,Condo,2011-08-31,123.9
Staten Island,Condo,2011-09-30,107.3
Staten Island,Condo,2011-11-30,125.2
Staten Island,Condo,2012-01-31,161.5
Staten Island,Condo,2012-02-29,155.6
Staten Island,Condo,2012-03-31,87.1
Staten Island,Condo,2012-04-30,99.9
Staten Island,Condo,2012-05-31,86.8
Staten Island,Condo,2012-06-30,105.9
Staten Island,Condo,2012-07-31,102.3
Staten Island,Condo,2012-08-31,97.0
Staten Island,Condo,2012-09-30,134.1
Staten Island,Condo,2012-11-30,412.7
Staten Island,Condo,2012-12-31,108.7
Staten Island,Condo,2013-01-31,136.2
Staten Island,Condo,2013-02-28,130.3
Staten Island,Condo,2013-03-31,114.6
Staten Island,Condo,2013-04-30,107.4
Staten Island,Condo,2013-05-31,118.2
Staten Island,Condo,2013-06-30,129.2
Staten Island,Condo,2013-07-31,130.1
Staten Island,Condo,2013-08-31,119.0
Staten Island,Condo,2013-09-30,161.5
Staten Island,Condo,2013-10-31,115.1
Staten Island,Condo,2013-11-30,140.1
Staten Island,Condo,2013-12-31,99.1
Staten Island,Condo,2014-01-31,124.9
Staten Island,Condo,2014-02-28,33.0
Staten Island,Condo,2014-03-31,153.3
Staten Island,Condo,2014-04-30,161.5
Staten Island,Condo,2014-05-31,142.4
Staten Island,Condo,2014-06-30,161.5
Staten Island,Condo,2014-07-31,115.1
Staten Island,Condo,2014-08-31,125.2
Staten Island,Condo,2014-09-30,118.8
Staten Island,Condo,2014-10-31,164.6
Staten Island,Condo,2014-11-30,119.4
Staten Island,Condo,2014-12-31,127.9
Staten Island,Condo,2015-01-31,129.4
Staten Island,Condo,2015-02-28,104.1
Staten Island,Condo,2015-03-31,114.6
Staten Island,Condo,2015-04-30,106.4
Staten Island,Condo,2015-05-31,130.4
Staten Island,Condo,2015-06-30,120.3
Staten Island,Condo,2015-07-31,110.2
Staten Island,Condo,2015-08-31,135.9
Staten Island,Condo,2015-09-30,142.2
Staten Island,Condo,2015-10-31,113.7
Staten Island,Condo,2015-11-30,118.1
Staten Island,Condo,2015-12-31,115.1
Staten Island,Condo,2016-01-31,111.2
Staten Island,Condo,2016-02-29,117.9
Staten Island,Condo,2016-03-31,161.5
Staten Island,Condo,2016-04-30,131.4
Staten Island,Condo,2016-05-31,135.2
Staten Island,Condo,2016-06-30,152.9
Staten Island,Condo,2016-07-31,128.0
Staten Island,Condo,2016-08-31,116.3
Staten Island,Condo,2016-09-30,139.4
Staten Island,Condo,2016-10-31,109.4
Staten Island,Condo,2016-11-30,118.1
Staten Island,Condo,2016-12-31,161.5
Staten Island,Condo,2017-01-31,147.0
Staten Island,Condo,2017-02-28,142.4
Staten Island,Condo,2017-03-31,133.2
Staten Island,Condo,2017-04-30,166.5
Staten Island,Condo,2017-05-31,137.4
Staten Island,Condo,2017-06-30,140.3
Staten Island,Condo,2017-07-31,131.5
Staten Island,Condo,2017-08-31,153.6
Staten Island,Condo,2017-09-30,135.4
Staten Island,Condo,2017-10-31,158.0
Staten Island,Condo,2017-11-30,158.9
Staten Island,Condo,2017-12-31,134.7
Staten Island,Condo,2018-01-31,162.0
Staten Island,Condo,2018-02-28,155.1
Staten Island,Condo,2018-03-31,148.0
Staten Island,Condo,2018-04-30,149.6
Staten Island,Condo,2018-05-31,196.1
Staten Island,Condo,2018-06-30,156.3
Staten Island,Condo,2018-07-31,150.1
Staten Island,Condo,2018-08-31,159.6
Staten Island,Condo,2018-09-30,151.5
Staten Island,Condo,2018-10-31,160.4
Staten Island,Condo,2018-11-30,149.4
Staten Island,Condo,2018-12-31,150.6
Staten Island,Condo,2019-01-31,161.2
Staten Island,Condo,2019-02-28,137.9
Staten Island,Condo,2019-03-31,161.5
Staten Island,Condo,2019-04-30,154.1
Staten Island,Condo,2019-05-31,162.1
Staten Island,Condo,2019-06-30,154.1
Staten Island,Condo,2019-07-31,155.1
Staten Island,Condo,2019-08-31,212.2
Staten Island,Condo,2019-09-30,140.6
Staten Island,Condo,2019-10-31,155.0
Staten Island,Condo,2019-11-30,204.8
Staten Island,Condo,2019-12-31,161.3
Staten Island,Condo,2020-01-31,135.6
Staten Island,Condo,2020-02-29,132.8
Staten Island,Condo,2020-03-31,141.2
Staten Island,Condo,2020-04-30,138.2
Staten Island,Condo,2020-05-31,165.2
Staten Island,Condo,2020-06-30,150.3
Staten Island,Condo,2020-07-31,131.4
Staten Island,Condo,2020-08-31,180.9
Staten Island,Condo,2020-09-30,159.5
Staten Island,Condo,2020-10-31,166.3
Staten Island,Condo,2020-11-30,177.7
Staten Island,Condo,2020-12-31,152.1
Staten Island,Condo,2021-01-31,156.8
Staten Island,Condo,2021-02-28,147.7
Staten Island,Condo,2021-03-31,142.2
Staten Island,Condo,2021-04-30,159.6
Staten Island,Condo,2021-05-31,140.0
Staten Island,Condo,2021-06-30,157.5
Staten Island,Condo,2021-07-31,155.7
Staten Island,Condo,2021-08-31,191.3
Staten Island,Condo,2021-09-30,203.8
Staten Island,Condo,2021-10-31,174.6
Staten Island,Condo,2021-11-30,141.8
Staten Island,Condo,2021-12-31,143.4
Staten Island,Condo,2022-01-31,138.4
Staten Island,Condo,2022-02-28,167.3
Staten Island,Condo,2022-03-31,173.9
Staten Island,Condo,2022-04-30,159.8
Staten Island,Condo,2022-05-31,162.3
Staten Island,Condo,2022-06-30,155.6
Staten Island,Condo,2022-07-31,172.4
Staten Island,Condo,2022-08-31,160.6
Staten Island,Condo,2022-09-30,202.8
Staten Island,Condo,2022-10-31,210.3
Staten Island,Condo,2022-11-30,164.4
Staten Island,Condo,2022-12-31,171.0
Staten Island,Condo,2023-01-31,166.3
Staten Island,Condo,2023-02-28,170.9
Staten Island,Condo,2023-03-31,156.6
Staten Island,Condo,2023-04-30,186.3
Staten Island,Condo,2023-05-31,173.7
Staten Island,Condo,2023-06-30,185.6
Staten Island,Condo,2023-07-31,130.5
Staten Island,Condo,2023-08-31,161.5
Staten Island,Condo,2023-09-30,199.9
Staten Island,Condo,2023-10-31,184.0
Staten Island,Condo,2023-11-30,214.2
Staten Island,Condo,2023-12-31,202.2
Staten Island,Condo,2024-01-31,161.5
Staten Island,Condo,2024-02-29,127.8
Staten Island,Condo,2024-03-31,161.5
Staten Island,Condo,2024-04-30,161.5
Staten Island,Condo,2024-05-31,175.5
Staten Island,Condo,2024-06-30,154.2
Staten Island,Condo,2024-07-31,218.7
Staten Island,Condo,2024-09-30,180.3
Staten Island,Condo,2024-10-31,152.2
Staten Island,Condo,2024-11-30,161.5
Staten Island,Condo,2024-12-31,190.3
Staten Island,Condo,2025-01-31,178.3
Staten Island,Condo,2025-02-28,131.4
Staten Island,Condo,2025-03-31,140.7
Staten Island,Condo,2025-04-30,134.6
Staten Island,Condo,2025-05-31,129.8
Staten Island,Condo,2025-06-30,180.0
Staten Island,Condo,2025-07-31,181.3
Staten Island,Condo,2025-08-31,167.7
Staten Island,Condo,2025-09-30,181.6
Staten Island,Condo,2025-10-31,163.4
Staten Island,Condo,2025-11-30,161.5
Staten Island,Condo,2025-12-31,161.5
Staten Island,Condo,2026-01-31,161.5
Staten Island,Condo,2026-03-31,135.6
Staten Island,Condo,2026-04-30,194.4
Staten Island,Condo,2026-05-31,173.7
Staten Island,Condo,2026-06-30,161.5
Staten Island,Condo,2026-07-31,233.4
Staten Island,Coop,2004-09-30,100.0
Staten Island,Coop,2008-08-31,112.9
Staten Island,Coop,2016-05-31,112.9
Staten Island,Coop,2017-03-31,112.9
Staten Island,Coop,2017-04-30,112.9
Staten Island,Coop,2017-08-31,112.9
Staten Island,Coop,2017-11-30,86.8
Staten Island,Coop,2018-01-31,128.7
Staten Island,Coop,2018-03-31,112.9
Staten Island,Coop,2018-05-31,112.9
Staten Island,Coop,2018-10-31,99.7
Staten Island,Coop,2019-08-31,63.9
Staten Island,Coop,2019-09-30,112.9
Staten Island,Coop,2019-10-31,115.0
Staten Island,Coop,2020-02-29,150.5
Staten Island,Coop,2020-03-31,112.9
Staten Island,Coop,2021-01-31,69.9
Staten Island,Coop,2021-03-31,69.9
Staten Island,Coop,2021-04-30,114.9
Staten Island,Coop,2021-06-30,95.9
Staten Island,Coop,2021-07-31,69.9
Staten Island,Coop,2021-10-31,112.9
Staten Island,Coop,2021-11-30,137.3
Staten Island,Coop,2021-12-31,126.8
Staten Island,Coop,2022-04-30,117.3
Staten Island,Coop,2022-06-30,153.2
Staten Island,Coop,2022-07-31,112.9
Staten Island,Coop,2022-08-31,108.6
Staten Island,Coop,2022-09-30,81.5
Staten Island,Coop,2022-10-31,112.9
Staten Island,Coop,2022-11-30,140.0
Staten Island,Coop,2023-02-28,112.9
Staten Island,Coop,2023-05-31,107.8
Staten Island,Coop,2023-09-30,110.8
Staten Island,Coop,2023-10-31,112.9
Staten Island,Coop,2023-11-30,112.9
Staten Island,Coop,2024-01-31,112.9
Staten Island,Coop,2024-02-29,112.9
Staten Island,Coop,2024-03-31,141.6
Staten Island,Coop,2024-04-30,137.2
Staten Island,Coop,2024-05-31,150.5
Staten Island,Coop,2024-06-30,112.9
Staten Island,Coop,2024-08-31,112.9
Staten Island,Coop,2024-10-31,130.7
Staten Island,Coop,2024-12-31,67.1
Staten Island,Coop,2025-03-31,112.9
Staten Island,Coop,2025-04-30,112.9
Staten Island,Coop,2025-05-31,88.4
Staten Island,Coop,2025-07-31,112.9
Staten Island,Coop,2025-09-30,112.9
Staten Island,Coop,2025-10-31,147.6
Staten Island,Coop,2025-11-30,112.9
Staten Island,Coop,2025-12-31,112.9
Staten Island,Coop,2026-03-31,112.9
Staten Island,Coop,2026-04-30,121.5
Staten Island,SFH,2003-01-31,100.0
Staten Island,SFH,2003-02-28,100.2
Staten Island,SFH,2003-03-31,104.6
Staten Island,SFH,2003-04-30,106.6
Staten Island,SFH,2003-05-31,104.5
Staten Island,SFH,2003-06-30,108.0
Staten Island,SFH,2003-07-31,105.6
Staten Island,SFH,2003-08-31,109.1
Staten Island,SFH,2003-09-30,105.9
Staten Island,SFH,2003-10-31,113.0
Staten Island,SFH,2003-11-30,107.9
Staten Island,SFH,2003-12-31,113.9
Staten Island,SFH,2004-01-31,117.4
Staten Island,SFH,2004-02-29,110.9
Staten Island,SFH,2004-03-31,114.0
Staten Island,SFH,2004-04-30,117.6
Staten Island,SFH,2004-05-31,116.7
Staten Island,SFH,2004-06-30,117.2
Staten Island,SFH,2004-07-31,120.3
Staten Island,SFH,2004-08-31,120.0
Staten Island,SFH,2004-09-30,123.2
Staten Island,SFH,2004-10-31,120.9
Staten Island,SFH,2004-11-30,122.7
Staten Island,SFH,2004-12-31,127.9
Staten Island,SFH,2005-01-31,129.9
Staten Island,SFH,2005-02-28,123.9
Staten Island,SFH,2005-03-31,125.0
Staten Island,SFH,2005-04-30,129.9
Staten Island,SFH,2005-05-31,132.7
Staten Island,SFH,2005-06-30,136.8
Staten Island,SFH,2005-07-31,135.0
Staten Island,SFH,2005-08-31,135.8
Staten Island,SFH,2005-09-30,133.8
Staten Island,SFH,2005-10-31,136.8
Staten Island,SFH,2005-11-30,137.0
Staten Island,SFH,2005-12-31,139.1
Staten Island,SFH,2006-01-31,142.1
Staten Island,SFH,2006-02-28,144.3
Staten Island,SFH,2006-03-31,141.8
Staten Island,SFH,2006-04-30,139.9
Staten Island,SFH,2006-05-31,141.6
Staten Island,SFH,2006-06-30,145.0
Staten Island,SFH,2006-07-31,141.7
Staten Island,SFH,2006-08-31,144.0
Staten Island,SFH,2006-09-30,146.7
Staten Island,SFH,2006-10-31,140.7
Staten Island,SFH,2006-11-30,140.0
Staten Island,SFH,2006-12-31,139.1
Staten Island,SFH,2007-01-31,142.2
Staten Island,SFH,2007-02-28,144.5
Staten Island,SFH,2007-03-31,143.9
Staten Island,SFH,2007-04-30,137.8
Staten Island,SFH,2007-05-31,142.7
Staten Island,SFH,2007-06-30,139.9
Staten Island,SFH,2007-07-31,141.3
Staten Island,SFH,2007-08-31,141.7
Staten Island,SFH,2007-09-30,143.2
Staten Island,SFH,2007-10-31,144.1
Staten Island,SFH,2007-11-30,137.4
Staten Island,SFH,2007-12-31,136.2
Staten Island,SFH,2008-01-31,136.4
Staten Island,SFH,2008-02-29,132.6
Staten Island,SFH,2008-03-31,133.2
Staten Island,SFH,2008-04-30,133.8
Staten Island,SFH,2008-05-31,133.9
Staten Island,SFH,2008-06-30,133.5
Staten Island,SFH,2008-07-31,135.8
Staten Island,SFH,2008-08-31,133.1
Staten Island,SFH,2008-09-30,132.9
Staten Island,SFH,2008-10-31,131.0
Staten Island,SFH,2008-11-30,130.4
Staten Island,SFH,2008-12-31,125.6
Staten Island,SFH,2009-01-31,129.6
Staten Island,SFH,2009-02-28,132.3
Staten Island,SFH,2009-03-31,123.4
Staten Island,SFH,2009-04-30,129.7
Staten Island,SFH,2009-05-31,125.7
Staten Island,SFH,2009-06-30,121.8
Staten Island,SFH,2009-07-31,124.2
Staten Island,SFH,2009-08-31,125.7
Staten Island,SFH,2009-09-30,128.0
Staten Island,SFH,2009-10-31,129.8
Staten Island,SFH,2009-11-30,126.7
Staten Island,SFH,2009-12-31,128.3
Staten Island,SFH,2010-01-31,131.3
Staten Island,SFH,2010-02-28,131.5
Staten Island,SFH,2010-03-31,133.4
Staten Island,SFH,2010-04-30,122.4
Staten Island,SFH,2010-05-31,128.7
Staten Island,SFH,2010-06-30,130.6
Staten Island,SFH,2010-07-31,129.3
Staten Island,SFH,2010-08-31,130.9
Staten Island,SFH,2010-09-30,124.5
Staten Island,SFH,2010-10-31,125.2
Staten Island,SFH,2010-11-30,127.6
Staten Island,SFH,2010-12-31,127.1
Staten Island,SFH,2011-01-31,127.1
Staten Island,SFH,2011-02-28,126.6
Staten Island,SFH,2011-03-31,131.9
Staten Island,SFH,2011-04-30,120.4
Staten Island,SFH,2011-05-31,125.6
Staten Island,SFH,2011-06-30,127.6
Staten Island,SFH,2011-07-31,130.5
Staten Island,SFH,2011-08-31,125.6
Staten Island,SFH,2011-09-30,125.0
Staten Island,SFH,2011-10-31,121.8
Staten Island,SFH,2011-11-30,130.9
Staten Island,SFH,2011-12-31,126.4
Staten Island,SFH,2012-01-31,127.0
Staten Island,SFH,2012-02-29,120.8
Staten Island,SFH,2012-03-31,126.6
Staten Island,SFH,2012-04-30,121.7
Staten Island,SFH,2012-05-31,121.4
Staten Island,SFH,2012-06-30,121.8
Staten Island,SFH,2012-07-31,127.0
Staten Island,SFH,2012-08-31,126.7
Staten Island,SFH,2012-09-30,121.8
Staten Island,SFH,2012-10-31,121.7
Staten Island,SFH,2012-11-30,121.5
Staten Island,SFH,2012-12-31,118.3
Staten Island,SFH,2013-01-31,124.1
Staten Island,SFH,2013-02-28,126.7
Staten Island,SFH,2013-03-31,124.6
Staten Island,SFH,2013-04-30,124.7
Staten Island,SFH,2013-05-31,125.9
Staten Island,SFH,2013-06-30,123.2
Staten Island,SFH,2013-07-31,128.3
Staten Island,SFH,2013-08-31,128.9
Staten Island,SFH,2013-09-30,129.8
Staten Island,SFH,2013-10-31,128.0
Staten Island,SFH,2013-11-30,124.4
Staten Island,SFH,2013-12-31,128.4
Staten Island,SFH,2014-01-31,124.6
Staten Island,SFH,2014-02-28,132.9
Staten Island,SFH,2014-03-31,129.2
Staten Island,SFH,2014-04-30,126.0
Staten Island,SFH,2014-05-31,123.2
Staten Island,SFH,2014-06-30,130.7
Staten Island,SFH,2014-07-31,134.9
Staten Island,SFH,2014-08-31,133.6
Staten Island,SFH,2014-09-30,131.8
Staten Island,SFH,2014-10-31,127.8
Staten Island,SFH,2014-11-30,132.3
Staten Island,SFH,2014-12-31,129.6
Staten Island,SFH,2015-01-31,135.0
Staten Island,SFH,2015-02-28,123.8
Staten Island,SFH,2015-03-31,135.4
Staten Island,SFH,2015-04-30,135.6
Staten Island,SFH,2015-05-31,137.8
Staten Island,SFH,2015-06-30,134.4
Staten Island,SFH,2015-07-31,134.9
Staten Island,SFH,2015-08-31,138.7
Staten Island,SFH,2015-09-30,140.2
Staten Island,SFH,2015-10-31,137.3
Staten Island,SFH,2015-11-30,138.7
Staten Island,SFH,2015-12-31,139.1
Staten Island,SFH,2016-01-31,138.3
Staten Island,SFH,2016-02-29,138.2
Staten Island,SFH,2016-03-31,137.4
Staten Island,SFH,2016-04-30,141.2
Staten Island,SFH,2016-05-31,137.0
Staten Island,SFH,2016-06-30,143.3
Staten Island,SFH,2016-07-31,148.5
Staten Island,SFH,2016-08-31,145.3
Staten Island,SFH,2016-09-30,153.0
Staten Island,SFH,2016-10-31,156.5
Staten Island,SFH,2016-11-30,154.7
Staten Island,SFH,2016-12-31,154.2
Staten Island,SFH,2017-01-31,158.4
Staten Island,SFH,2017-02-28,153.5
Staten Island,SFH,2017-03-31,154.2
Staten Island,SFH,2017-04-30,155.8
Staten Island,SFH,2017-05-31,158.7
Staten Island,SFH,2017-06-30,153.5
Staten Island,SFH,2017-07-31,161.3
Staten Island,SFH,2017-08-31,159.9
Staten Island,SFH,2017-09-30,163.8
Staten Island,SFH,2017-10-31,159.9
Staten Island,SFH,2017-11-30,165.1
Staten Island,SFH,2017-12-31,164.4
Staten Island,SFH,2018-01-31,175.6
Staten Island,SFH,2018-02-28,167.5
Staten Island,SFH,2018-03-31,166.5
Staten Island,SFH,2018-04-30,167.4
Staten Island,SFH,2018-05-31,165.2
Staten Island,SFH,2018-06-30,165.7
Staten Island,SFH,2018-07-31,173.9
Staten Island,SFH,2018-08-31,170.2
Staten Island,SFH,2018-09-30,173.5
Staten Island,SFH,2018-10-31,174.8
Staten Island,SFH,2018-11-30,179.7
Staten Island,SFH,2018-12-31,179.4
Staten Island,SFH,2019-01-31,179.7
Staten Island,SFH,2019-02-28,170.1
Staten Island,SFH,2019-03-31,173.0
Staten Island,SFH,2019-04-30,176.0
Staten Island,SFH,2019-05-31,175.7
Staten Island,SFH,2019-06-30,176.8
Staten Island,SFH,2019-07-31,180.2
Staten Island,SFH,2019-08-31,179.4
Staten Island,SFH,2019-09-30,176.4
Staten Island,SFH,2019-10-31,182.2
Staten Island,SFH,2019-11-30,176.4
Staten Island,SFH,2019-12-31,184.7
Staten Island,SFH,2020-01-31,179.3
Staten Island,SFH,2020-02-29,176.1
Staten Island,SFH,2020-03-31,185.2
Staten Island,SFH,2020-04-30,181.7
Staten Island,SFH,2020-05-31,173.8
Staten Island,SFH,2020-06-30,186.7
Staten Island,SFH,2020-07-31,179.9
Staten Island,SFH,2020-08-31,179.9
Staten Island,SFH,2020-09-30,177.0
Staten Island,SFH,2020-10-31,184.6
Staten Island,SFH,2020-11-30,183.6
Staten Island,SFH,2020-12-31,183.0
Staten Island,SFH,2021-01-31,183.7
Staten Island,SFH,2021-02-28,186.1
Staten Island,SFH,2021-03-31,189.6
Staten Island,SFH,2021-04-30,192.9
Staten Island,SFH,2021-05-31,196.3
Staten Island,SFH,2021-06-30,198.4
Staten Island,SFH,2021-07-31,194.5
Staten Island,SFH,2021-08-31,199.1
Staten Island,SFH,2021-09-30,194.7
Staten Island,SFH,2021-10-31,204.3
Staten Island,SFH,2021-11-30,202.4
Staten Island,SFH,2021-12-31,202.9
Staten Island,SFH,2022-01-31,205.5
Staten Island,SFH,2022-02-28,211.4
Staten Island,SFH,2022-03-31,219.5
Staten Island,SFH,2022-04-30,210.2
Staten Island,SFH,2022-05-31,220.0
Staten Island,SFH,2022-06-30,222.1
Staten Island,SFH,2022-07-31,216.7
Staten Island,SFH,2022-08-31,214.2
Staten Island,SFH,2022-09-30,216.6
Staten Island,SFH,2022-10-31,220.4
Staten Island,SFH,2022-11-30,211.1
Staten Island,SFH,2022-12-31,215.5
Staten Island,SFH,2023-01-31,214.0
Staten Island,SFH,2023-02-28,213.7
Staten Island,SFH,2023-03-31,206.3
Staten Island,SFH,2023-04-30,218.1
Staten Island,SFH,2023-05-31,221.6
Staten Island,SFH,2023-06-30,221.7
Staten Island,SFH,2023-07-31,217.3
Staten Island,SFH,2023-08-31,220.9
Staten Island,SFH,2023-09-30,218.6
Staten Island,SFH,2023-10-31,224.7
Staten Island,SFH,2023-11-30,214.0
Staten Island,SFH,2023-12-31,220.5
Staten Island,SFH,2024-01-31,215.2
Staten Island,SFH,2024-02-29,193.0
Staten Island,SFH,2024-03-31,229.2
Staten Island,SFH,2024-04-30,221.0
Staten Island,SFH,2024-05-31,236.0
Staten Island,SFH,2024-06-30,227.7
Staten Island,SFH,2024-07-31,229.9
Staten Island,SFH,2024-08-31,239.4
Staten Island,SFH,2024-09-30,227.8
Staten Island,SFH,2024-10-31,233.1
Staten Island,SFH,2024-11-30,235.2
Staten Island,SFH,2024-12-31,215.4
Staten Island,SFH,2025-01-31,233.2
Staten Island,SFH,2025-02-28,227.2
Staten Island,SFH,2025-03-31,231.0
Staten Island,SFH,2025-04-30,229.6
Staten Island,SFH,2025-05-31,240.4
Staten Island,SFH,2025-06-30,243.1
Staten Island,SFH,2025-07-31,241.7
Staten Island,SFH,2025-08-31,228.9
Staten Island,SFH,2025-09-30,243.6
Staten Island,SFH,2025-10-31,242.7
Staten Island,SFH,2025-11-30,259.9
Staten Island,SFH,2025-12-31,241.0
Staten Island,SFH,2026-01-31,261.3
Staten Island,SFH,2026-02-28,249.4
Staten Island,SFH,2026-03-31,279.7
Staten Island,SFH,2026-04-30,248.0
Staten Island,SFH,2026-05-31,248.4
Staten Island,SFH,2026-06-30,254.2
Staten Island,SFH,2026-07-31,288.1
